{"assets":{"0B0A7B6440E0082F4BE7054819E8DB2B":{"type":"texture","index":7,"assetRequest":{"type":"slide","state":"contents","slide":"none"},"url":{"native":"assets\/42E08E43-B33B-44FD-A8FF-857361B5693D.pdf"},"width":305,"height":27},"A5C2AAE1529A6E14D471FD3CDBD561D2":{"type":"texture","index":18,"assetRequest":{"type":"slide","state":"contents","slide":"none"},"url":{"native":"assets\/42E08E43-B33B-44FD-A8FF-857361B5693D.pdf"},"width":829,"height":535},"0B2D89544704522EA4F0024D2923D2AD":{"type":"texture","index":19,"assetRequest":{"type":"slide","state":"contents","slide":"none"},"url":{"native":"assets\/42E08E43-B33B-44FD-A8FF-857361B5693D.pdf"},"width":48,"height":7},"C851741A281E9E704D548B57DEE64337":{"type":"texture","index":12,"assetRequest":{"type":"slide","state":"contents","slide":"none"},"url":{"native":"assets\/42E08E43-B33B-44FD-A8FF-857361B5693D.pdf"},"width":61,"height":37},"C524AADC03F136D3EE96A24DF2364D3C":{"type":"texture","index":13,"assetRequest":{"type":"slide","state":"contents","slide":"none"},"url":{"native":"assets\/42E08E43-B33B-44FD-A8FF-857361B5693D.pdf"},"width":23,"height":28},"C25C25FF361FB24FC35F6B120D2F252D":{"type":"texture","index":0,"assetRequest":{"type":"slide","state":"contents","slide":"none"},"url":{"native":"assets\/42E08E43-B33B-44FD-A8FF-857361B5693D.pdf"},"width":1920,"height":1080},"C4E20DB39C4ABF92D2D574C8BF0DE790":{"type":"texture","index":5,"assetRequest":{"type":"slide","state":"contents","slide":"none"},"url":{"native":"assets\/42E08E43-B33B-44FD-A8FF-857361B5693D.pdf"},"width":28,"height":20},"D70AA0F786668D319763232FC241FE92":{"type":"texture","index":23,"assetRequest":{"type":"slide","state":"contents","slide":"none"},"url":{"native":"assets\/42E08E43-B33B-44FD-A8FF-857361B5693D.pdf"},"width":28,"height":20},"D127C28F57E7C9BB20BEED0073F2799B":{"type":"texture","index":25,"assetRequest":{"type":"slide","state":"contents","slide":"none"},"url":{"native":"assets\/42E08E43-B33B-44FD-A8FF-857361B5693D.pdf"},"width":23,"height":28},"AD266E2E7471B53CDD627E055B4391EF":{"type":"texture","index":14,"assetRequest":{"type":"slide","state":"contents","slide":"none"},"url":{"native":"assets\/42E08E43-B33B-44FD-A8FF-857361B5693D.pdf"},"width":98,"height":37},"289440CE5BA26DFFA38EC6C7DB07B516":{"type":"texture","index":9,"assetRequest":{"type":"slide","state":"contents","slide":"none"},"url":{"native":"assets\/42E08E43-B33B-44FD-A8FF-857361B5693D.pdf"},"width":912,"height":80},"9459A9E4CE6E2E395113690F5B27E2D7":{"type":"texture","index":27,"assetRequest":{"type":"slide","state":"contents","slide":"none"},"url":{"native":"assets\/42E08E43-B33B-44FD-A8FF-857361B5693D.pdf"},"width":732,"height":50},"A6E833AA860844AE12191F236E634EA4":{"type":"texture","index":1,"assetRequest":{"type":"slide","state":"contents","slide":"none"},"url":{"native":"assets\/42E08E43-B33B-44FD-A8FF-857361B5693D.pdf"},"width":84,"height":62},"FCF55DDFB6D932E555338FF676FB85AA":{"type":"texture","index":20,"assetRequest":{"type":"slide","state":"contents","slide":"none"},"url":{"native":"assets\/42E08E43-B33B-44FD-A8FF-857361B5693D.pdf"},"width":47,"height":7},"649E80B6E5AF2375098394864E7312C9":{"type":"texture","index":3,"assetRequest":{"type":"slide","state":"contents","slide":"none"},"url":{"native":"assets\/42E08E43-B33B-44FD-A8FF-857361B5693D.pdf"},"width":267,"height":267},"DB279119010ED2762F2E8F982BBD0863":{"type":"texture","index":2,"assetRequest":{"type":"slide","state":"contents","slide":"none"},"url":{"native":"assets\/42E08E43-B33B-44FD-A8FF-857361B5693D.pdf"},"width":1729,"height":5},"74F770FCCFC8E06335EC28AD4329FAE5":{"type":"texture","index":24,"assetRequest":{"type":"slide","state":"contents","slide":"none"},"url":{"native":"assets\/42E08E43-B33B-44FD-A8FF-857361B5693D.pdf"},"width":35,"height":41},"AB6E21EA9D3265B663953A84BFB960B3":{"type":"texture","index":22,"assetRequest":{"type":"slide","state":"contents","slide":"none"},"url":{"native":"assets\/42E08E43-B33B-44FD-A8FF-857361B5693D.pdf"},"width":872,"height":539},"BCD13FA219137C8063403FBD762C4FF1":{"type":"texture","index":16,"assetRequest":{"type":"slide","state":"contents","slide":"none"},"url":{"native":"assets\/42E08E43-B33B-44FD-A8FF-857361B5693D.pdf"},"width":128,"height":45},"CDD3EACB480D600768BD33B67DF0ADC0":{"type":"texture","index":17,"assetRequest":{"type":"slide","state":"contents","slide":"none"},"url":{"native":"assets\/42E08E43-B33B-44FD-A8FF-857361B5693D.pdf"},"width":732,"height":49},"CC652652C4CBB9763290793D4BD651D7":{"type":"texture","index":6,"assetRequest":{"type":"slide","state":"contents","slide":"none"},"url":{"native":"assets\/42E08E43-B33B-44FD-A8FF-857361B5693D.pdf"},"width":199,"height":26},"3085D37CB3A3D73BC6DA4C299E3A1C36":{"type":"texture","index":26,"assetRequest":{"type":"slide","state":"contents","slide":"none"},"url":{"native":"assets\/42E08E43-B33B-44FD-A8FF-857361B5693D.pdf"},"width":97,"height":37},"07D029E88FA833BBD107AF6CB88A0851":{"type":"texture","index":10,"assetRequest":{"type":"slide","state":"contents","slide":"none"},"url":{"native":"assets\/42E08E43-B33B-44FD-A8FF-857361B5693D.pdf"},"width":35,"height":41},"74A76CAB39CC5781F928F59BED38D5C9":{"type":"texture","index":8,"assetRequest":{"type":"slide","state":"contents","slide":"none"},"url":{"native":"assets\/42E08E43-B33B-44FD-A8FF-857361B5693D.pdf"},"width":328,"height":109},"DFB518B62628747FEC63424F8E11DB78":{"type":"texture","index":11,"assetRequest":{"type":"slide","state":"contents","slide":"none"},"url":{"native":"assets\/42E08E43-B33B-44FD-A8FF-857361B5693D.pdf"},"width":8,"height":36},"C24C04E44BC4878001F5776084D8C1B9":{"type":"texture","index":15,"assetRequest":{"type":"slide","state":"contents","slide":"none"},"url":{"native":"assets\/42E08E43-B33B-44FD-A8FF-857361B5693D.pdf"},"width":323,"height":46},"90F9BF7D872FC17FDD07DCF81E847D74":{"type":"texture","index":4,"assetRequest":{"type":"slide","state":"contents","slide":"none"},"url":{"native":"assets\/42E08E43-B33B-44FD-A8FF-857361B5693D.pdf"},"width":557,"height":69},"EE05BD7C877D38E913ED714770104FB9":{"type":"texture","index":21,"assetRequest":{"type":"slide","state":"contents","slide":"none"},"url":{"native":"assets\/42E08E43-B33B-44FD-A8FF-857361B5693D.pdf"},"width":48,"height":7}},"events":[{"effects":[{"beginTime":0,"baseLayer":{"animations":[],"initialState":{"affineTransform":[1,0,0,1,0,0],"masksToBounds":false,"rotation":0,"scale":1,"position":{"pointX":960,"pointY":540},"width":1920,"sublayerTransform":[1,0,0,0,0,1,0,0,0,0,1,0,0,0,0,1],"contentsRect":{"y":0,"x":0,"width":1,"height":1},"opacity":1,"edgeAntialiasingMask":251658240,"height":1080,"hidden":false,"anchorPoint":{"pointX":0.5,"pointY":0.5}},"objectID":"0","layers":[{"animations":[],"initialState":{"affineTransform":[1,0,0,1,0,0],"masksToBounds":false,"rotation":0,"scale":1,"position":{"pointX":960,"pointY":540},"width":1920,"sublayerTransform":[1,0,0,0,0,1,0,0,0,0,1,-0.00035007912466775983,0,0,0,1],"contentsRect":{"y":0,"x":0,"width":1,"height":1},"opacity":1,"edgeAntialiasingMask":251658240,"height":1080,"hidden":false,"anchorPoint":{"pointX":0.5,"pointY":0.5}},"layers":[{"animations":[{"additive":false,"timeOffset":0,"beginTime":0,"repeatCount":0,"fillMode":"both","duration":2,"autoreverses":false,"animations":[{"repeatCount":0,"removedOnCompletion":true,"from":{"scalar":0},"timingFunction":"EaseInEaseOut","additive":false,"timeOffset":0,"autoreverses":false,"property":"zPosition","fillMode":"both","duration":2,"beginTime":0,"to":{"scalar":0}}],"removedOnCompletion":false}],"initialState":{"affineTransform":[1,0,0,1,0,0],"masksToBounds":false,"rotation":0,"scale":1,"position":{"pointX":960,"pointY":540},"width":1920,"sublayerTransform":[1,0,0,0,0,1,0,0,0,0,1,0,0,0,0,1],"contentsRect":{"y":0,"x":0,"width":1,"height":1},"opacity":1,"edgeAntialiasingMask":251658240,"height":1080,"hidden":false,"anchorPoint":{"pointX":0.5,"pointY":0.5}},"layers":[{"animations":[],"layers":[],"texturedRectangle":{"isBackgroundTexture":true,"singleTextureOpacity":1,"textureType":1,"textBaseline":0,"textXHeight":0,"isVerticalText":false},"initialState":{"affineTransform":[1,0,0,1,0,0],"masksToBounds":false,"rotation":0,"scale":1,"position":{"pointX":960,"pointY":540},"width":1920,"sublayerTransform":[1,0,0,0,0,1,0,0,0,0,1,0,0,0,0,1],"contentsRect":{"y":0,"x":0,"width":1,"height":1},"opacity":1,"edgeAntialiasingMask":0,"height":1080,"hidden":false,"anchorPoint":{"pointX":0.5,"pointY":0.5}},"texture":"C25C25FF361FB24FC35F6B120D2F252D"}]}]},{"animations":[{"additive":false,"timeOffset":0,"beginTime":0,"repeatCount":0,"fillMode":"both","duration":2,"autoreverses":false,"animations":[{"repeatCount":0,"removedOnCompletion":true,"from":{"scalar":0.001},"timingFunction":"EaseInEaseOut","additive":false,"timeOffset":0,"autoreverses":false,"property":"zPosition","fillMode":"both","duration":2,"beginTime":0,"to":{"scalar":0.001}}],"removedOnCompletion":false}],"initialState":{"affineTransform":[1,0,0,1,0,0],"masksToBounds":false,"rotation":0,"scale":1,"position":{"pointX":1767.7123410701752,"pointY":1050.3838073015213},"width":81.405150890350342,"sublayerTransform":[1,0,0,0,0,1,0,0,0,0,1,0,0,0,0,1],"contentsRect":{"y":0,"x":0,"width":1,"height":1},"opacity":1,"edgeAntialiasingMask":251658240,"height":59.232336282730103,"hidden":false,"anchorPoint":{"pointX":0.5,"pointY":0.5}},"layers":[{"animations":[],"layers":[],"texturedRectangle":{"singleTextureOpacity":1,"textXHeight":0,"shapePath":{"lineWidth":1,"flatness":0.59999999999999998,"lineCapStyle":0,"elements":[{"type":"MoveToPoint","points":[[1.009765625,1.76763916015625]]},{"type":"AddLine","points":[[82.414916515350342,1.76763916015625]]},{"type":"AddLine","points":[[82.414916515350342,60.999975442886353]]},{"type":"AddLine","points":[[1.009765625,60.999975442886353]]},{"type":"CloseSubpath"},{"type":"MoveToPoint","points":[[1.009765625,1.76763916015625]]}],"windingRule":0,"lineJoinStyle":0,"miterLimit":10},"isBackgroundTexture":true,"textBaseline":0,"isVerticalText":false,"textureType":5},"initialState":{"affineTransform":[1,0,0,1,0,0],"masksToBounds":false,"rotation":0,"scale":1,"position":{"pointX":40.70257568359375,"pointY":29.616168975830078},"width":84,"sublayerTransform":[1,0,0,0,0,1,0,0,0,0,1,0,0,0,0,1],"contentsRect":{"y":0,"x":0,"width":1,"height":1},"opacity":1,"edgeAntialiasingMask":0,"height":62,"hidden":false,"anchorPoint":{"pointX":0.4965754917689732,"pointY":0.50619045380623107}},"texture":"A6E833AA860844AE12191F236E634EA4"}]},{"animations":[{"additive":false,"timeOffset":0,"beginTime":0,"repeatCount":0,"fillMode":"both","duration":2,"autoreverses":false,"animations":[{"repeatCount":0,"removedOnCompletion":true,"from":{"scalar":0.002},"timingFunction":"EaseInEaseOut","additive":false,"timeOffset":0,"autoreverses":false,"property":"zPosition","fillMode":"both","duration":2,"beginTime":0,"to":{"scalar":0.002}}],"removedOnCompletion":false}],"initialState":{"affineTransform":[1,0,0,1,0,0],"masksToBounds":false,"rotation":0,"scale":1,"position":{"pointX":945.36499368689692,"pointY":195.90701293945312},"width":1726.0997688679345,"sublayerTransform":[1,0,0,0,0,1,0,0,0,0,1,0,0,0,0,1],"contentsRect":{"y":0,"x":0,"width":1,"height":1},"opacity":1,"edgeAntialiasingMask":251658240,"height":2,"hidden":false,"anchorPoint":{"pointX":0.5,"pointY":0.5}},"layers":[{"animations":[],"layers":[],"texturedRectangle":{"singleTextureOpacity":1,"textXHeight":0,"shapePath":{"lineWidth":1,"flatness":0.59999999999999998,"lineCapStyle":0,"elements":[{"type":"MoveToPoint","points":[[1.3151092529296875,2.907012939453125]]},{"type":"AddLine","points":[[1727.4148781208642,2.907012939453125]]}],"windingRule":0,"lineJoinStyle":0,"miterLimit":10},"isBackgroundTexture":true,"textBaseline":0,"isVerticalText":false,"textureType":5},"initialState":{"affineTransform":[1,0,0,1,0,0],"masksToBounds":false,"rotation":0,"scale":1,"position":{"pointX":863.0499267578125,"pointY":1},"width":1729,"sublayerTransform":[1,0,0,0,0,1,0,0,0,0,1,0,0,0,0,1],"contentsRect":{"y":0,"x":0,"width":1,"height":1},"opacity":1,"edgeAntialiasingMask":0,"height":5,"hidden":false,"anchorPoint":{"pointX":0.49992194101257503,"pointY":0.58140258789062504}},"texture":"DB279119010ED2762F2E8F982BBD0863"}]},{"animations":[{"additive":false,"timeOffset":0,"beginTime":0,"repeatCount":0,"fillMode":"both","duration":2,"autoreverses":false,"animations":[{"repeatCount":0,"removedOnCompletion":true,"from":{"scalar":1},"timingFunction":"EaseInEaseOut","additive":false,"timeOffset":0,"autoreverses":false,"property":"opacity","fillMode":"both","duration":2,"beginTime":0,"to":{"scalar":1}},{"repeatCount":0,"removedOnCompletion":true,"from":{"scalar":0.0030000000000000001},"timingFunction":"EaseInEaseOut","additive":false,"timeOffset":0,"autoreverses":false,"property":"zPosition","fillMode":"both","duration":2,"beginTime":0,"to":{"scalar":0.0030000000000000001}}],"removedOnCompletion":false}],"initialState":{"affineTransform":[1,0,0,1,0,0],"masksToBounds":false,"rotation":0,"scale":1,"position":{"pointX":1767.7123718261719,"pointY":118.35956478118896},"width":263.60980224609375,"sublayerTransform":[1,0,0,0,0,1,0,0,0,0,1,0,0,0,0,1],"contentsRect":{"y":0,"x":0,"width":1,"height":1},"opacity":0.77594292163848877,"edgeAntialiasingMask":251658240,"height":263.60980224609375,"hidden":false,"anchorPoint":{"pointX":0.5,"pointY":0.5}},"layers":[{"animations":[{"additive":false,"timeOffset":0,"beginTime":0,"repeatCount":0,"fillMode":"both","duration":2,"autoreverses":false,"animations":[{"repeatCount":0,"removedOnCompletion":true,"from":{"scalar":0.77594292163848877},"timingFunction":"EaseInEaseOut","additive":false,"timeOffset":0,"autoreverses":false,"property":"opacity","fillMode":"both","duration":2,"beginTime":0,"to":{"scalar":0.77594292163848877}}],"removedOnCompletion":false}],"layers":[],"texturedRectangle":{"isBackgroundTexture":true,"singleTextureOpacity":0.77594292163848877,"textureType":5,"textBaseline":0,"textXHeight":0,"isVerticalText":false},"initialState":{"affineTransform":[1,0,0,1,0,0],"masksToBounds":false,"rotation":0,"scale":1,"position":{"pointX":131.80490112304688,"pointY":131.80490112304688},"width":267,"sublayerTransform":[1,0,0,0,0,1,0,0,0,0,1,0,0,0,0,1],"contentsRect":{"y":0,"x":0,"width":1,"height":1},"opacity":1,"edgeAntialiasingMask":0,"height":267,"hidden":false,"anchorPoint":{"pointX":0.50079540009802204,"pointY":0.49947402539771146}},"texture":"649E80B6E5AF2375098394864E7312C9"}]},{"animations":[{"additive":false,"timeOffset":0,"beginTime":0,"repeatCount":0,"fillMode":"both","duration":2,"autoreverses":false,"animations":[{"repeatCount":0,"removedOnCompletion":true,"from":{"scalar":0.0040000000000000001},"timingFunction":"EaseInEaseOut","additive":false,"timeOffset":0,"autoreverses":false,"property":"zPosition","fillMode":"both","duration":2,"beginTime":0,"to":{"scalar":0.0040000000000000001}}],"removedOnCompletion":false}],"initialState":{"affineTransform":[1,0,0,1,0,0],"masksToBounds":false,"rotation":0,"scale":1,"position":{"pointX":487.32841554819606,"pointY":92.805076599121094},"width":826.02661259053275,"sublayerTransform":[1,0,0,0,0,1,0,0,0,0,1,0,0,0,0,1],"contentsRect":{"y":0,"x":0,"width":1,"height":1},"opacity":1,"edgeAntialiasingMask":251658240,"height":106.00000154972076,"hidden":false,"anchorPoint":{"pointX":0.5,"pointY":0.5}},"layers":[{"animations":[{"additive":false,"timeOffset":0,"beginTime":0,"repeatCount":0,"fillMode":"both","duration":2,"autoreverses":false,"animations":[{"repeatCount":0,"removedOnCompletion":true,"from":{"texture":"90F9BF7D872FC17FDD07DCF81E847D74"},"timingFunction":"EaseInEaseOut","additive":false,"timeOffset":0,"autoreverses":false,"property":"contents","fillMode":"both","duration":2,"beginTime":0,"to":{"texture":"90F9BF7D872FC17FDD07DCF81E847D74"}}],"removedOnCompletion":false}],"layers":[],"texturedRectangle":{"singleTextureOpacity":1,"textXHeight":0.60869565217391319,"textBaseline":0.86963808104611828,"isBackgroundTexture":true,"isVerticalText":false,"textColor":[0.46666666865348816,0.46666666865348816,0.46274510025978088,1],"textureType":6},"initialState":{"affineTransform":[1,0,0,1,0,0],"masksToBounds":false,"rotation":0,"scale":1,"position":{"pointX":413.0133056640625,"pointY":53},"width":557,"sublayerTransform":[1,0,0,0,0,1,0,0,0,0,1,0,0,0,0,1],"contentsRect":{"y":0,"x":0,"width":1,"height":1},"opacity":1,"edgeAntialiasingMask":0,"height":69,"hidden":false,"anchorPoint":{"pointX":0.73128979338777766,"pointY":0.50442138875740161}},"texture":"90F9BF7D872FC17FDD07DCF81E847D74"}]},{"animations":[{"additive":false,"timeOffset":0,"beginTime":0,"repeatCount":0,"fillMode":"both","duration":2,"autoreverses":false,"animations":[{"repeatCount":0,"removedOnCompletion":true,"from":{"scalar":0.0050000000000000001},"timingFunction":"EaseInEaseOut","additive":false,"timeOffset":0,"autoreverses":false,"property":"zPosition","fillMode":"both","duration":2,"beginTime":0,"to":{"scalar":0.0050000000000000001}}],"removedOnCompletion":false}],"initialState":{"affineTransform":[1,0,0,1,0,0],"masksToBounds":false,"rotation":0,"scale":1,"position":{"pointX":1767.7123613357544,"pointY":1050.3837890625},"width":58.540201187133789,"sublayerTransform":[1,0,0,0,0,1,0,0,0,0,1,0,0,0,0,1],"contentsRect":{"y":0,"x":0,"width":1,"height":1},"opacity":1,"edgeAntialiasingMask":251658240,"height":34.3819260597229,"hidden":false,"anchorPoint":{"pointX":0.5,"pointY":0.5}},"layers":[{"animations":[{"additive":false,"timeOffset":0,"beginTime":0,"repeatCount":0,"fillMode":"both","duration":2,"autoreverses":false,"animations":[{"repeatCount":0,"removedOnCompletion":true,"from":{"texture":"C4E20DB39C4ABF92D2D574C8BF0DE790"},"timingFunction":"EaseInEaseOut","additive":false,"timeOffset":0,"autoreverses":false,"property":"contents","fillMode":"both","duration":2,"beginTime":0,"to":{"texture":"D70AA0F786668D319763232FC241FE92"}}],"removedOnCompletion":false}],"layers":[],"texturedRectangle":{"singleTextureOpacity":1,"textXHeight":0.55000000000000004,"textBaseline":0.87513660192489628,"isBackgroundTexture":true,"isVerticalText":false,"textColor":[0.99991005659103394,1,0.99987798929214478,1],"textureType":6},"initialState":{"affineTransform":[1,0,0,1,0,0],"masksToBounds":false,"rotation":0,"scale":1,"position":{"pointX":29.270101547241211,"pointY":17.190963745117188},"width":28,"sublayerTransform":[1,0,0,0,0,1,0,0,0,0,1,0,0,0,0,1],"contentsRect":{"y":0,"x":0,"width":1,"height":1},"opacity":1,"edgeAntialiasingMask":0,"height":20,"hidden":false,"anchorPoint":{"pointX":0.52544151033673969,"pointY":0.51918948888778682}},"texture":"C4E20DB39C4ABF92D2D574C8BF0DE790"}]},{"animations":[{"additive":false,"timeOffset":0,"beginTime":0,"repeatCount":0,"fillMode":"both","duration":2,"autoreverses":false,"animations":[{"repeatCount":0,"removedOnCompletion":true,"from":{"scalar":0.0060000000000000001},"timingFunction":"EaseInEaseOut","additive":false,"timeOffset":0,"autoreverses":false,"property":"zPosition","fillMode":"both","duration":2,"beginTime":0,"to":{"scalar":0.0060000000000000001}}],"removedOnCompletion":false}],"initialState":{"affineTransform":[1,0,0,1,0,0],"masksToBounds":false,"rotation":0,"scale":1,"position":{"pointX":381.16624013171531,"pointY":157.87704467773438},"width":597.70226175757125,"sublayerTransform":[1,0,0,0,0,1,0,0,0,0,1,0,0,0,0,1],"contentsRect":{"y":0,"x":0,"width":1,"height":1},"opacity":1,"edgeAntialiasingMask":251658240,"height":37.143922090530396,"hidden":false,"anchorPoint":{"pointX":0.5,"pointY":0.5}},"layers":[{"animations":[{"additive":false,"timeOffset":0,"beginTime":0,"repeatCount":0,"fillMode":"both","duration":2,"autoreverses":false,"animations":[{"repeatCount":0,"removedOnCompletion":true,"from":{"texture":"CC652652C4CBB9763290793D4BD651D7"},"timingFunction":"EaseInEaseOut","additive":false,"timeOffset":0,"autoreverses":false,"property":"contents","fillMode":"both","duration":2,"beginTime":0,"to":{"texture":"CC652652C4CBB9763290793D4BD651D7"}}],"removedOnCompletion":false}],"layers":[],"texturedRectangle":{"singleTextureOpacity":1,"textXHeight":0.46153846153846156,"textBaseline":0.7240377343617953,"isBackgroundTexture":true,"isVerticalText":false,"textColor":[0.46666666865348816,0.46666666865348816,0.46274510025978088,1],"textureType":6},"initialState":{"affineTransform":[1,0,0,1,0,0],"masksToBounds":false,"rotation":0,"scale":1,"position":{"pointX":298.85113525390625,"pointY":18.57196044921875},"width":199,"sublayerTransform":[1,0,0,0,0,1,0,0,0,0,1,0,0,0,0,1],"contentsRect":{"y":0,"x":0,"width":1,"height":1},"opacity":1,"edgeAntialiasingMask":0,"height":26,"hidden":false,"anchorPoint":{"pointX":1.4782223342052057,"pointY":0.41834784929568952}},"texture":"CC652652C4CBB9763290793D4BD651D7"}]},{"animations":[{"additive":false,"timeOffset":0,"beginTime":0,"repeatCount":0,"fillMode":"both","duration":2,"autoreverses":false,"animations":[{"repeatCount":0,"removedOnCompletion":true,"from":{"scalar":0.0070000000000000001},"timingFunction":"EaseInEaseOut","additive":false,"timeOffset":0,"autoreverses":false,"property":"zPosition","fillMode":"both","duration":2,"beginTime":0,"to":{"scalar":0.0070000000000000001}}],"removedOnCompletion":false}],"initialState":{"affineTransform":[1,0,0,1,0,0],"masksToBounds":false,"rotation":0,"scale":1,"position":{"pointX":381.16623913752846,"pointY":1050.3837890625},"width":728.90000223135576,"sublayerTransform":[1,0,0,0,0,1,0,0,0,0,1,0,0,0,0,1],"contentsRect":{"y":0,"x":0,"width":1,"height":1},"opacity":1,"edgeAntialiasingMask":251658240,"height":38.000000506639481,"hidden":false,"anchorPoint":{"pointX":0.5,"pointY":0.5}},"layers":[{"animations":[{"additive":false,"timeOffset":0,"beginTime":0,"repeatCount":0,"fillMode":"both","duration":2,"autoreverses":false,"animations":[{"repeatCount":0,"removedOnCompletion":true,"from":{"texture":"0B0A7B6440E0082F4BE7054819E8DB2B"},"timingFunction":"EaseInEaseOut","additive":false,"timeOffset":0,"autoreverses":false,"property":"contents","fillMode":"both","duration":2,"beginTime":0,"to":{"texture":"0B0A7B6440E0082F4BE7054819E8DB2B"}}],"removedOnCompletion":false}],"layers":[],"texturedRectangle":{"singleTextureOpacity":1,"textXHeight":0.48888888888888887,"textBaseline":0.73717680187137036,"isBackgroundTexture":true,"isVerticalText":false,"textColor":[0.46666666865348816,0.46666666865348816,0.46274510025978088,1],"textureType":6},"initialState":{"affineTransform":[1,0,0,1,0,0],"masksToBounds":false,"rotation":0,"scale":1,"position":{"pointX":364.45001220703125,"pointY":19},"width":305,"sublayerTransform":[1,0,0,0,0,1,0,0,0,0,1,0,0,0,0,1],"contentsRect":{"y":0,"x":0,"width":1,"height":1},"opacity":1,"edgeAntialiasingMask":0,"height":27,"hidden":false,"anchorPoint":{"pointX":1.1841516400946945,"pointY":0.45865884478445407}},"texture":"0B0A7B6440E0082F4BE7054819E8DB2B"}]},{"animations":[{"additive":false,"timeOffset":0,"beginTime":0,"repeatCount":0,"fillMode":"both","duration":2,"autoreverses":false,"animations":[{"repeatCount":0,"removedOnCompletion":true,"from":{"scalar":1},"timingFunction":"EaseInEaseOut","additive":false,"timeOffset":0,"autoreverses":false,"property":"opacity","fillMode":"both","duration":2,"beginTime":0,"to":{"scalar":1}},{"repeatCount":0,"removedOnCompletion":true,"from":{"scalar":0.0080000000000000002},"timingFunction":"EaseInEaseOut","additive":false,"timeOffset":0,"autoreverses":false,"property":"zPosition","fillMode":"both","duration":2,"beginTime":0,"to":{"scalar":0.0080000000000000002}}],"removedOnCompletion":false}],"initialState":{"affineTransform":[1,0,0,1,0,0],"masksToBounds":false,"rotation":0,"scale":1,"position":{"pointX":960.00003051757812,"pointY":256.77304077148438},"width":324.42425537109375,"sublayerTransform":[1,0,0,0,0,1,0,0,0,0,1,0,0,0,0,1],"contentsRect":{"y":0,"x":0,"width":1,"height":1},"opacity":0.80002689361572266,"edgeAntialiasingMask":251658240,"height":106,"hidden":false,"anchorPoint":{"pointX":0.5,"pointY":0.5}},"layers":[{"animations":[{"additive":false,"timeOffset":0,"beginTime":0,"repeatCount":0,"fillMode":"both","duration":2,"autoreverses":false,"animations":[{"repeatCount":0,"removedOnCompletion":true,"from":{"scalar":0.80002689361572266},"timingFunction":"EaseInEaseOut","additive":false,"timeOffset":0,"autoreverses":false,"property":"opacity","fillMode":"both","duration":2,"beginTime":0,"to":{"scalar":0.80002689361572266}}],"removedOnCompletion":false}],"layers":[],"texturedRectangle":{"isBackgroundTexture":true,"singleTextureOpacity":0.80002689361572266,"textureType":5,"textBaseline":0,"textXHeight":0,"isVerticalText":false},"initialState":{"affineTransform":[1,0,0,1,0,0],"masksToBounds":false,"rotation":0,"scale":1,"position":{"pointX":162.21212768554688,"pointY":53},"width":328,"sublayerTransform":[1,0,0,0,0,1,0,0,0,0,1,0,0,0,0,1],"contentsRect":{"y":0,"x":0,"width":1,"height":1},"opacity":1,"edgeAntialiasingMask":0,"height":109,"hidden":false,"anchorPoint":{"pointX":0.5000000930413967,"pointY":0.50250496120627863}},"texture":"74A76CAB39CC5781F928F59BED38D5C9"}]},{"animations":[{"additive":false,"timeOffset":0,"beginTime":0,"repeatCount":0,"fillMode":"both","duration":2,"autoreverses":false,"animations":[{"repeatCount":0,"removedOnCompletion":true,"from":{"scalar":0.0090000000000000011},"timingFunction":"EaseInEaseOut","additive":false,"timeOffset":0,"autoreverses":false,"property":"zPosition","fillMode":"both","duration":2,"beginTime":0,"to":{"scalar":0.0090000000000000011}}],"removedOnCompletion":false}],"initialState":{"affineTransform":[1,0,0,1,0,0],"masksToBounds":false,"rotation":0,"scale":1,"position":{"pointX":960,"pointY":384.51522827148438},"width":909.8194580078125,"sublayerTransform":[1,0,0,0,0,1,0,0,0,0,1,0,0,0,0,1],"contentsRect":{"y":0,"x":0,"width":1,"height":1},"opacity":1,"edgeAntialiasingMask":251658240,"height":77,"hidden":false,"anchorPoint":{"pointX":0.5,"pointY":0.5}},"layers":[{"animations":[{"additive":false,"timeOffset":0,"beginTime":0,"repeatCount":0,"fillMode":"both","duration":2,"autoreverses":false,"animations":[{"repeatCount":0,"removedOnCompletion":true,"from":{"texture":"289440CE5BA26DFFA38EC6C7DB07B516"},"timingFunction":"EaseInEaseOut","additive":false,"timeOffset":0,"autoreverses":false,"property":"contents","fillMode":"both","duration":2,"beginTime":0,"to":{"texture":"289440CE5BA26DFFA38EC6C7DB07B516"}}],"removedOnCompletion":false}],"layers":[],"texturedRectangle":{"singleTextureOpacity":1,"textXHeight":0,"shapePath":{"lineWidth":1,"flatness":0.59999999999999998,"lineCapStyle":0,"elements":[{"type":"MoveToPoint","points":[[26.020245996093763,3.015228271484375]]},{"type":"AddLine","points":[[885.97975400390624,3.015228271484375]]},{"type":"AddCurve","points":[[892.70853805767388,3.015228271484375],[896.74580848993446,3.015228271484375],[899.43732211144152,4.1388990891896356]]},{"type":"AddCurve","points":[[903.31737160452008,5.5511216121499274],[906.3738356632407,8.6075856708706056],[907.78605818620099,12.487635163949278]]},{"type":"AddCurve","points":[[908.90972900390625,15.179148785456277],[908.90972900390625,19.216419217716805],[908.90972900390625,25.945203271484388]]},{"type":"AddLine","points":[[908.90972900390625,53.085253271484362]]},{"type":"AddCurve","points":[[908.90972900390625,59.814037325251945],[908.90972900390625,63.851307757512473],[907.78605818620099,66.542821379019472]]},{"type":"AddCurve","points":[[906.3738356632407,70.422870872098201],[903.31737160452008,73.479334930818823],[899.43732211144152,74.891557453779114]]},{"type":"AddCurve","points":[[896.74580848993446,76.015228271484375],[892.70853805767388,76.015228271484375],[885.97975400390624,76.015228271484375]]},{"type":"AddLine","points":[[26.020245996093763,76.015228271484375]]},{"type":"AddCurve","points":[[19.291461942326237,76.015228271484375],[15.254191510065652,76.015228271484375],[12.562677888558596,74.891557453779114]]},{"type":"AddCurve","points":[[8.6826283954799237,73.479334930818823],[5.6261643367593024,70.422870872098201],[4.2139418137990106,66.542821379019472]]},{"type":"AddCurve","points":[[3.09027099609375,63.851307757512473],[3.09027099609375,59.814037325251945],[3.09027099609375,53.085253271484362]]},{"type":"AddLine","points":[[3.09027099609375,25.945203271484388]]},{"type":"AddCurve","points":[[3.09027099609375,19.216419217716805],[3.09027099609375,15.179148785456277],[4.2139418137990106,12.487635163949278]]},{"type":"AddCurve","points":[[5.6261643367593024,8.6075856708706056],[8.6826283954799237,5.5511216121499274],[12.562677888558596,4.1388990891896356]]},{"type":"AddCurve","points":[[15.254191510065652,3.015228271484375],[19.291461942326237,3.015228271484375],[26.020245996093763,3.015228271484375]]},{"type":"CloseSubpath"},{"type":"MoveToPoint","points":[[26.020245996093763,3.015228271484375]]}],"windingRule":0,"lineJoinStyle":0,"miterLimit":10},"isBackgroundTexture":true,"textBaseline":0,"isVerticalText":false,"textureType":5},"initialState":{"affineTransform":[1,0,0,1,0,0],"masksToBounds":false,"rotation":0,"scale":1,"position":{"pointX":454.90972900390625,"pointY":38.5},"width":912,"sublayerTransform":[1,0,0,0,0,1,0,0,0,0,1,0,0,0,0,1],"contentsRect":{"y":0,"x":0,"width":1,"height":1},"opacity":1,"edgeAntialiasingMask":0,"height":80,"hidden":false,"anchorPoint":{"pointX":0.5,"pointY":0.49394035339355469}},"texture":"289440CE5BA26DFFA38EC6C7DB07B516"}]},{"animations":[{"additive":false,"timeOffset":0,"beginTime":0,"repeatCount":0,"fillMode":"both","duration":2,"autoreverses":false,"animations":[{"repeatCount":0,"removedOnCompletion":true,"from":{"scalar":0.01},"timingFunction":"EaseInEaseOut","additive":false,"timeOffset":0,"autoreverses":false,"property":"zPosition","fillMode":"both","duration":2,"beginTime":0,"to":{"scalar":0.01}}],"removedOnCompletion":false}],"initialState":{"affineTransform":[1,0,0,1,0,0],"masksToBounds":false,"rotation":0,"scale":1,"position":{"pointX":1373.4643216633208,"pointY":384.51522840191433},"width":31.691338573293478,"sublayerTransform":[1,0,0,0,0,1,0,0,0,0,1,0,0,0,0,1],"contentsRect":{"y":0,"x":0,"width":1,"height":1},"opacity":1,"edgeAntialiasingMask":251658240,"height":37.143921068552231,"hidden":false,"anchorPoint":{"pointX":0.5,"pointY":0.5}},"layers":[{"animations":[{"additive":false,"timeOffset":0,"beginTime":0,"repeatCount":0,"fillMode":"both","duration":2,"autoreverses":false,"animations":[{"repeatCount":0,"removedOnCompletion":true,"from":{"texture":"07D029E88FA833BBD107AF6CB88A0851"},"timingFunction":"EaseInEaseOut","additive":false,"timeOffset":0,"autoreverses":false,"property":"contents","fillMode":"both","duration":2,"beginTime":0,"to":{"texture":"74F770FCCFC8E06335EC28AD4329FAE5"}},{"repeatCount":0,"removedOnCompletion":true,"from":{"pointX":0,"pointY":0},"timingFunction":"EaseInEaseOut","additive":false,"timeOffset":0,"autoreverses":false,"property":"transform.translation","fillMode":"both","duration":2,"beginTime":0,"to":{"pointX":-1,"pointY":0}}],"removedOnCompletion":false}],"layers":[],"texturedRectangle":{"singleTextureOpacity":1,"textXHeight":0,"shapePath":{"lineWidth":1,"flatness":0.59999999999999998,"lineCapStyle":0,"elements":[{"type":"MoveToPoint","points":[[13.935019015942771,1.9510129680390378]]},{"type":"AddCurve","points":[[11.472911825646179,2.0365200038216926],[9.0118035802097438,2.8297891605708969],[6.8746977866655925,4.3857064070394927]]},{"type":"AddCurve","points":[[1.1753671967649097,8.5347256050937403],[-0.086353474240013384,16.547283649066003],[4.0627570952979113,22.246895576216502]]},{"type":"AddCurve","points":[[7.6261041105615277,27.141773174873379],[14.206408954917833,28.868771581835063],[19.709798813008774,26.353082891408576]]},{"type":"AddLine","points":[[20.098653332007189,26.176067042485101]]},{"type":"AddLine","points":[[20.322099585461501,26.53880443782009]]},{"type":"AddCurve","points":[[20.34132183507063,26.569727800772398],[20.355367991666299,26.592257193685782],[20.371431875185181,26.614253816049768]]},{"type":"AddLine","points":[[29.094541458089907,38.596195458755119]]},{"type":"AddCurve","points":[[29.281283218408817,38.85295685693427],[29.558411776793946,39.022233363461964],[29.875152395482246,39.072106921434624]]},{"type":"AddCurve","points":[[30.192179236669517,39.121971977749581],[30.509645330206695,39.047384100833824],[30.766035509903986,38.860268282558991]]},{"type":"AddLine","points":[[32.817678382529948,37.365790213778837]]},{"type":"AddCurve","points":[[33.350791874896004,36.977817064494957],[33.46981792617612,36.227593948251069],[33.081751227521409,35.694296296075208]]},{"type":"AddLine","points":[[24.358641644616682,23.712354653369857]]},{"type":"AddCurve","points":[[24.321775619971959,23.661560082479355],[24.279666905989643,23.615964275274337],[24.236761870005239,23.573063493561222]]},{"type":"AddLine","points":[[23.92625863468561,23.259658383991791]]},{"type":"AddLine","points":[[24.207742876050133,22.920136181958242]]},{"type":"AddCurve","points":[[27.973898191919716,18.411653258138358],[28.189636275104704,11.946177998456051],[24.732986666637544,7.1976465185584857]]},{"type":"AddCurve","points":[[22.139732894089548,3.6355073788257641],[18.038530055142019,1.8085013044639027],[13.935019015942771,1.9510129680390378]]},{"type":"CloseSubpath"},{"type":"MoveToPoint","points":[[13.972743708084408,4.6178583400538855]]},{"type":"AddCurve","points":[[14.633043426837503,4.5919544975038207],[15.301278026749969,4.6316483830841548],[15.96925049219567,4.7368362057237619]]},{"type":"AddCurve","points":[[18.640482892396676,5.1573095983460462],[20.986230718260231,6.5897347760222829],[22.573973516377691,8.7704758647309973]]},{"type":"AddCurve","points":[[25.855488962107984,13.279052306785616],[24.859227792000638,19.617841531147178],[20.351118579416607,22.899822887819482]]},{"type":"AddCurve","points":[[18.558440472035727,24.204981792036733],[16.475228107939074,24.832490564050204],[14.410930516806502,24.832487730164303]]},{"type":"AddCurve","points":[[11.284121874127777,24.832487730164303],[8.1986865519811545,23.3898740242023],[6.2217704226757178,20.674066230043991]]},{"type":"AddCurve","points":[[2.939791636563541,16.165768925750626],[3.9361418969658644,9.8296903132534226],[8.4446253596368024,6.5476211061181857]]},{"type":"AddCurve","points":[[10.079903763672746,5.3570996170776084],[11.991843134882402,4.69556986770408],[13.972743708084408,4.6178583400538855]]},{"type":"CloseSubpath"},{"type":"MoveToPoint","points":[[13.972743708084408,4.6178583400538855]]}],"windingRule":0,"lineJoinStyle":0,"miterLimit":10},"isBackgroundTexture":true,"textBaseline":0,"isVerticalText":false,"textureType":5},"initialState":{"affineTransform":[1,0,0,1,0,0],"masksToBounds":false,"rotation":0,"scale":1,"position":{"pointX":15.845668759800446,"pointY":18.571960403846163},"width":35,"sublayerTransform":[1,0,0,0,0,1,0,0,0,0,1,0,0,0,0,1],"contentsRect":{"y":0,"x":0,"width":1,"height":1},"opacity":1,"edgeAntialiasingMask":0,"height":41,"hidden":false,"anchorPoint":{"pointX":0.49898060389927457,"pointY":0.50037142125571643}},"texture":"07D029E88FA833BBD107AF6CB88A0851"}]},{"animations":[{"additive":false,"timeOffset":0,"beginTime":0,"repeatCount":0,"fillMode":"both","duration":2,"autoreverses":false,"animations":[{"repeatCount":0,"removedOnCompletion":true,"from":{"scalar":0.010999999999999999},"timingFunction":"EaseInEaseOut","additive":false,"timeOffset":0,"autoreverses":false,"property":"zPosition","fillMode":"both","duration":2,"beginTime":0,"to":{"scalar":0.010999999999999999}}],"removedOnCompletion":false}],"initialState":{"affineTransform":[1,0,0,1,0,0],"masksToBounds":false,"rotation":0,"scale":1,"position":{"pointX":960,"pointY":384.51522827148438},"width":201.59032344818115,"sublayerTransform":[1,0,0,0,0,1,0,0,0,0,1,0,0,0,0,1],"contentsRect":{"y":0,"x":0,"width":1,"height":1},"opacity":1,"edgeAntialiasingMask":251658240,"height":62.000000476837158,"hidden":false,"anchorPoint":{"pointX":0.5,"pointY":0.5}},"layers":[{"animations":[{"additive":false,"timeOffset":0,"beginTime":0,"repeatCount":0,"fillMode":"both","duration":2,"autoreverses":false,"animations":[{"repeatCount":0,"removedOnCompletion":true,"from":{"scalar":1},"timingFunction":"EaseInEaseOut","additive":false,"timeOffset":0,"autoreverses":false,"property":"opacity","fillMode":"forwards","duration":0.66659999999999997,"beginTime":0,"to":{"scalar":0}},{"additive":false,"timeOffset":0,"beginTime":0.66659999999999997,"from":{"scalar":true},"repeatCount":0,"fillMode":"forwards","duration":1.3334000000000001,"autoreverses":false,"property":"hidden","to":{"scalar":true},"removedOnCompletion":true}],"removedOnCompletion":false}],"layers":[],"texturedRectangle":{"singleTextureOpacity":1,"textXHeight":0.6536865234375,"textBaseline":0.94905852609210539,"isBackgroundTexture":true,"isVerticalText":false,"textColor":[0.46666666865348816,0.46666666865348816,0.46274510025978088,1],"textureType":6},"initialState":{"affineTransform":[1,0,0,1,0,0],"masksToBounds":false,"rotation":0,"scale":1,"position":{"pointX":100.795166015625,"pointY":31},"width":8,"sublayerTransform":[1,0,0,0,0,1,0,0,0,0,1,0,0,0,0,1],"contentsRect":{"y":0,"x":0,"width":1,"height":1},"opacity":1,"edgeAntialiasingMask":0,"height":36,"hidden":false,"anchorPoint":{"pointX":11.875000536441803,"pointY":0.48653411202960545}},"texture":"DFB518B62628747FEC63424F8E11DB78"}]},{"animations":[{"additive":false,"timeOffset":0,"beginTime":0,"repeatCount":0,"fillMode":"both","duration":2,"autoreverses":false,"animations":[{"repeatCount":0,"removedOnCompletion":true,"from":{"scalar":0.012},"timingFunction":"EaseInEaseOut","additive":false,"timeOffset":0,"autoreverses":false,"property":"zPosition","fillMode":"both","duration":2,"beginTime":0,"to":{"scalar":0.012}}],"removedOnCompletion":false}],"initialState":{"affineTransform":[1,0,0,1,0,0],"masksToBounds":false,"rotation":0,"scale":1,"position":{"pointX":960,"pointY":384.51522827148438},"width":201.59032344818115,"sublayerTransform":[1,0,0,0,0,1,0,0,0,0,1,0,0,0,0,1],"contentsRect":{"y":0,"x":0,"width":1,"height":1},"opacity":1,"edgeAntialiasingMask":251658240,"height":62.000000476837158,"hidden":false,"anchorPoint":{"pointX":0.5,"pointY":0.5}},"layers":[{"animations":[{"additive":false,"timeOffset":0,"beginTime":0,"repeatCount":0,"fillMode":"both","duration":2,"autoreverses":false,"animations":[{"repeatCount":0,"removedOnCompletion":true,"from":{"scalar":1},"timingFunction":"EaseInEaseOut","additive":false,"timeOffset":0,"autoreverses":false,"property":"opacity","fillMode":"forwards","duration":0.66659999999999997,"beginTime":0,"to":{"scalar":0}},{"additive":false,"timeOffset":0,"beginTime":0.66659999999999997,"from":{"scalar":true},"repeatCount":0,"fillMode":"forwards","duration":1.3334000000000001,"autoreverses":false,"property":"hidden","to":{"scalar":true},"removedOnCompletion":true}],"removedOnCompletion":false}],"layers":[],"texturedRectangle":{"singleTextureOpacity":1,"textXHeight":0.63601932010135132,"textBaseline":0.92340829565718363,"isBackgroundTexture":true,"isVerticalText":false,"textColor":[0.46666666865348816,0.46666666865348816,0.46274510025978088,1],"textureType":6},"initialState":{"affineTransform":[1,0,0,1,0,0],"masksToBounds":false,"rotation":0,"scale":1,"position":{"pointX":100.795166015625,"pointY":31},"width":61,"sublayerTransform":[1,0,0,0,0,1,0,0,0,0,1,0,0,0,0,1],"contentsRect":{"y":0,"x":0,"width":1,"height":1},"opacity":1,"edgeAntialiasingMask":0,"height":37,"hidden":false,"anchorPoint":{"pointX":0.98360662773007257,"pointY":0.47338454143421071}},"texture":"C851741A281E9E704D548B57DEE64337"}]},{"animations":[{"additive":false,"timeOffset":0,"beginTime":0,"repeatCount":0,"fillMode":"both","duration":2,"autoreverses":false,"animations":[{"repeatCount":0,"removedOnCompletion":true,"from":{"scalar":0.013000000000000001},"timingFunction":"EaseInEaseOut","additive":false,"timeOffset":0,"autoreverses":false,"property":"zPosition","fillMode":"both","duration":2,"beginTime":0,"to":{"scalar":0.013000000000000001}}],"removedOnCompletion":false}],"initialState":{"affineTransform":[1,0,0,1,0,0],"masksToBounds":false,"rotation":0,"scale":1,"position":{"pointX":960,"pointY":384.51522827148438},"width":201.59032344818115,"sublayerTransform":[1,0,0,0,0,1,0,0,0,0,1,0,0,0,0,1],"contentsRect":{"y":0,"x":0,"width":1,"height":1},"opacity":1,"edgeAntialiasingMask":251658240,"height":62.000000476837158,"hidden":false,"anchorPoint":{"pointX":0.5,"pointY":0.5}},"layers":[{"animations":[{"additive":false,"timeOffset":0,"beginTime":0,"repeatCount":0,"fillMode":"both","duration":2,"autoreverses":false,"animations":[{"repeatCount":0,"removedOnCompletion":true,"from":{"texture":"C524AADC03F136D3EE96A24DF2364D3C"},"timingFunction":"EaseInEaseOut","additive":false,"timeOffset":0,"autoreverses":false,"property":"contents","fillMode":"both","duration":2,"beginTime":0,"to":{"texture":"D127C28F57E7C9BB20BEED0073F2799B"}},{"repeatCount":0,"removedOnCompletion":true,"from":{"pointX":0,"pointY":0},"timingFunction":"EaseInEaseOut","additive":false,"timeOffset":0,"autoreverses":false,"property":"transform.translation","fillMode":"both","duration":2,"beginTime":0,"to":{"pointX":217,"pointY":0}}],"removedOnCompletion":false}],"layers":[],"texturedRectangle":{"singleTextureOpacity":1,"textXHeight":0.8404541015625,"textBaseline":0.93450381926127846,"isBackgroundTexture":true,"isVerticalText":false,"textColor":[0.46666666865348816,0.46666666865348816,0.46274510025978088,1],"textureType":6},"initialState":{"affineTransform":[1,0,0,1,0,0],"masksToBounds":false,"rotation":0,"scale":1,"position":{"pointX":100.795166015625,"pointY":31},"width":23,"sublayerTransform":[1,0,0,0,0,1,0,0,0,0,1,0,0,0,0,1],"contentsRect":{"y":0,"x":0,"width":1,"height":1},"opacity":1,"edgeAntialiasingMask":0,"height":28,"hidden":false,"anchorPoint":{"pointX":3.6956523605014966,"pointY":0.3398295726094927}},"texture":"C524AADC03F136D3EE96A24DF2364D3C"}]},{"animations":[{"additive":false,"timeOffset":0,"beginTime":0,"repeatCount":0,"fillMode":"both","duration":2,"autoreverses":false,"animations":[{"repeatCount":0,"removedOnCompletion":true,"from":{"scalar":0.014},"timingFunction":"EaseInEaseOut","additive":false,"timeOffset":0,"autoreverses":false,"property":"zPosition","fillMode":"both","duration":2,"beginTime":0,"to":{"scalar":0.014}}],"removedOnCompletion":false}],"initialState":{"affineTransform":[1,0,0,1,0,0],"masksToBounds":false,"rotation":0,"scale":1,"position":{"pointX":960,"pointY":384.51522827148438},"width":201.59032344818115,"sublayerTransform":[1,0,0,0,0,1,0,0,0,0,1,0,0,0,0,1],"contentsRect":{"y":0,"x":0,"width":1,"height":1},"opacity":1,"edgeAntialiasingMask":251658240,"height":62.000000476837158,"hidden":false,"anchorPoint":{"pointX":0.5,"pointY":0.5}},"layers":[{"animations":[{"additive":false,"timeOffset":0,"beginTime":0,"repeatCount":0,"fillMode":"both","duration":2,"autoreverses":false,"animations":[{"repeatCount":0,"removedOnCompletion":true,"from":{"scalar":1},"timingFunction":"EaseInEaseOut","additive":false,"timeOffset":0,"autoreverses":false,"property":"transform.scale.x","fillMode":"both","duration":2,"beginTime":0,"to":{"scalar":0.98979591836734693}},{"repeatCount":0,"removedOnCompletion":true,"from":{"scalar":1},"timingFunction":"EaseInEaseOut","additive":false,"timeOffset":0,"autoreverses":false,"property":"transform.scale.y","fillMode":"both","duration":2,"beginTime":0,"to":{"scalar":1}},{"repeatCount":0,"removedOnCompletion":true,"from":{"texture":"AD266E2E7471B53CDD627E055B4391EF"},"timingFunction":"EaseInEaseOut","additive":false,"timeOffset":0,"autoreverses":false,"property":"contents","fillMode":"both","duration":2,"beginTime":0,"to":{"texture":"3085D37CB3A3D73BC6DA4C299E3A1C36"}},{"repeatCount":0,"removedOnCompletion":true,"from":{"pointX":0,"pointY":0},"timingFunction":"EaseInEaseOut","additive":false,"timeOffset":0,"autoreverses":false,"property":"transform.translation","fillMode":"both","duration":2,"beginTime":0,"to":{"pointX":-285.00000004379115,"pointY":0}}],"removedOnCompletion":false}],"layers":[],"texturedRectangle":{"singleTextureOpacity":1,"textXHeight":0.63601932010135132,"textBaseline":0.92340829565718363,"isBackgroundTexture":true,"isVerticalText":false,"textColor":[0.46666666865348816,0.46666666865348816,0.46274510025978088,1],"textureType":6},"initialState":{"affineTransform":[1,0,0,1,0,0],"masksToBounds":false,"rotation":0,"scale":1,"position":{"pointX":100.795166015625,"pointY":31},"width":98,"sublayerTransform":[1,0,0,0,0,1,0,0,0,0,1,0,0,0,0,1],"contentsRect":{"y":0,"x":0,"width":1,"height":1},"opacity":1,"edgeAntialiasingMask":0,"height":37,"hidden":false,"anchorPoint":{"pointX":4.379116759008291e-08,"pointY":0.47338454143421071}},"texture":"AD266E2E7471B53CDD627E055B4391EF"}]},{"animations":[{"additive":false,"timeOffset":0,"beginTime":0,"repeatCount":0,"fillMode":"both","duration":2,"autoreverses":false,"animations":[{"repeatCount":0,"removedOnCompletion":true,"from":{"scalar":0.014999999999999999},"timingFunction":"EaseInEaseOut","additive":false,"timeOffset":0,"autoreverses":false,"property":"zPosition","fillMode":"both","duration":2,"beginTime":0,"to":{"scalar":0.014999999999999999}}],"removedOnCompletion":false}],"initialState":{"affineTransform":[1,0,0,1,0,0],"masksToBounds":false,"rotation":0,"scale":1,"position":{"pointX":960,"pointY":384.51522827148438},"width":576.6416072845459,"sublayerTransform":[1,0,0,0,0,1,0,0,0,0,1,0,0,0,0,1],"contentsRect":{"y":0,"x":0,"width":1,"height":1},"opacity":1,"edgeAntialiasingMask":251658240,"height":70.999997854232788,"hidden":false,"anchorPoint":{"pointX":0.5,"pointY":0.5}},"layers":[{"animations":[{"additive":false,"timeOffset":0,"beginTime":0,"repeatCount":0,"fillMode":"both","duration":2,"autoreverses":false,"animations":[{"repeatCount":0,"removedOnCompletion":true,"from":{"scalar":0},"timingFunction":"EaseInEaseOut","additive":false,"timeOffset":0,"autoreverses":false,"property":"opacity","fillMode":"both","duration":0.66659999999999997,"beginTime":1.3334000000000001,"to":{"scalar":1}},{"additive":false,"timeOffset":0,"beginTime":1.3334000000000001,"from":{"scalar":false},"repeatCount":0,"fillMode":"forwards","duration":0.66659999999999986,"autoreverses":false,"property":"hidden","to":{"scalar":false},"removedOnCompletion":true}],"removedOnCompletion":false}],"layers":[],"texturedRectangle":{"singleTextureOpacity":1,"textXHeight":0.51158075747282605,"textBaseline":0.84163474647895153,"isBackgroundTexture":true,"isVerticalText":false,"textColor":[0.46666666865348816,0.46666666865348816,0.46274510025978088,1],"textureType":6},"initialState":{"affineTransform":[1,0,0,1,0,0],"masksToBounds":false,"rotation":0,"scale":1,"position":{"pointX":288.32080078125,"pointY":35.5},"width":323,"sublayerTransform":[1,0,0,0,0,1,0,0,0,0,1,0,0,0,0,1],"contentsRect":{"y":0,"x":0,"width":1,"height":1},"opacity":1,"edgeAntialiasingMask":0,"height":46,"hidden":true,"anchorPoint":{"pointX":0.59133126049218898,"pointY":0.48946150748626044}},"texture":"C24C04E44BC4878001F5776084D8C1B9"}]},{"animations":[{"additive":false,"timeOffset":0,"beginTime":0,"repeatCount":0,"fillMode":"both","duration":2,"autoreverses":false,"animations":[{"repeatCount":0,"removedOnCompletion":true,"from":{"scalar":0.016},"timingFunction":"EaseInEaseOut","additive":false,"timeOffset":0,"autoreverses":false,"property":"zPosition","fillMode":"both","duration":2,"beginTime":0,"to":{"scalar":0.016}}],"removedOnCompletion":false}],"initialState":{"affineTransform":[1,0,0,1,0,0],"masksToBounds":false,"rotation":0,"scale":1,"position":{"pointX":960,"pointY":384.51522827148438},"width":576.6416072845459,"sublayerTransform":[1,0,0,0,0,1,0,0,0,0,1,0,0,0,0,1],"contentsRect":{"y":0,"x":0,"width":1,"height":1},"opacity":1,"edgeAntialiasingMask":251658240,"height":70.999997854232788,"hidden":false,"anchorPoint":{"pointX":0.5,"pointY":0.5}},"layers":[{"animations":[{"additive":false,"timeOffset":0,"beginTime":0,"repeatCount":0,"fillMode":"both","duration":2,"autoreverses":false,"animations":[{"repeatCount":0,"removedOnCompletion":true,"from":{"scalar":0},"timingFunction":"EaseInEaseOut","additive":false,"timeOffset":0,"autoreverses":false,"property":"opacity","fillMode":"both","duration":0.66659999999999997,"beginTime":1.3334000000000001,"to":{"scalar":1}},{"additive":false,"timeOffset":0,"beginTime":1.3334000000000001,"from":{"scalar":false},"repeatCount":0,"fillMode":"forwards","duration":0.66659999999999986,"autoreverses":false,"property":"hidden","to":{"scalar":false},"removedOnCompletion":true}],"removedOnCompletion":false}],"layers":[],"texturedRectangle":{"singleTextureOpacity":1,"textXHeight":0.52294921875,"textBaseline":0.83811551862292821,"isBackgroundTexture":true,"isVerticalText":false,"textColor":[0.46666666865348816,0.46666666865348816,0.46274510025978088,1],"textureType":6},"initialState":{"affineTransform":[1,0,0,1,0,0],"masksToBounds":false,"rotation":0,"scale":1,"position":{"pointX":288.32080078125,"pointY":35.5},"width":128,"sublayerTransform":[1,0,0,0,0,1,0,0,0,0,1,0,0,0,0,1],"contentsRect":{"y":0,"x":0,"width":1,"height":1},"opacity":1,"edgeAntialiasingMask":0,"height":45,"hidden":true,"anchorPoint":{"pointX":-1.2109375223517418,"pointY":0.47811620765262181}},"texture":"BCD13FA219137C8063403FBD762C4FF1"}]},{"animations":[{"additive":false,"timeOffset":0,"beginTime":0,"repeatCount":0,"fillMode":"both","duration":2,"autoreverses":false,"animations":[{"repeatCount":0,"removedOnCompletion":true,"from":{"scalar":0.017000000000000001},"timingFunction":"EaseInEaseOut","additive":false,"timeOffset":0,"autoreverses":false,"property":"zPosition","fillMode":"both","duration":2,"beginTime":0,"to":{"scalar":0.017000000000000001}}],"removedOnCompletion":false}],"initialState":{"affineTransform":[1,0,0,1,0,0],"masksToBounds":false,"rotation":0,"scale":1,"position":{"pointX":960,"pointY":450.31413807912037},"width":728.90625,"sublayerTransform":[1,0,0,0,0,1,0,0,0,0,1,0,0,0,0,1],"contentsRect":{"y":0,"x":0,"width":1,"height":1},"opacity":1,"edgeAntialiasingMask":251658240,"height":46.320109654334374,"hidden":false,"anchorPoint":{"pointX":0.5,"pointY":0.5}},"layers":[{"animations":[{"additive":false,"timeOffset":0,"beginTime":0,"repeatCount":0,"fillMode":"both","duration":2,"autoreverses":false,"animations":[{"repeatCount":0,"removedOnCompletion":true,"from":{"scalar":1},"timingFunction":"EaseInEaseOut","additive":false,"timeOffset":0,"autoreverses":false,"property":"transform.scale.x","fillMode":"both","duration":2,"beginTime":0,"to":{"scalar":1}},{"repeatCount":0,"removedOnCompletion":true,"from":{"scalar":1},"timingFunction":"EaseInEaseOut","additive":false,"timeOffset":0,"autoreverses":false,"property":"transform.scale.y","fillMode":"both","duration":2,"beginTime":0,"to":{"scalar":1.0204081632653061}},{"repeatCount":0,"removedOnCompletion":true,"from":{"texture":"CDD3EACB480D600768BD33B67DF0ADC0"},"timingFunction":"EaseInEaseOut","additive":false,"timeOffset":0,"autoreverses":false,"property":"contents","fillMode":"both","duration":1.3333999999999999,"beginTime":0.66660000000000008,"to":{"texture":"9459A9E4CE6E2E395113690F5B27E2D7"}},{"repeatCount":0,"removedOnCompletion":true,"from":{"pointX":0,"pointY":0},"timingFunction":"EaseInEaseOut","additive":false,"timeOffset":0,"autoreverses":false,"property":"transform.translation","fillMode":"both","duration":2,"beginTime":0,"to":{"pointX":0,"pointY":5.496206899573906}}],"removedOnCompletion":false}],"layers":[],"texturedRectangle":{"isBackgroundTexture":true,"singleTextureOpacity":1,"textureType":5,"textBaseline":0,"textXHeight":0,"isVerticalText":false},"initialState":{"affineTransform":[1,0,0,1,0,0],"masksToBounds":false,"rotation":0,"scale":1,"position":{"pointX":364.45001220703125,"pointY":23.160054827167187},"width":732,"sublayerTransform":[1,0,0,0,0,1,0,0,0,0,1,0,0,0,0,1],"contentsRect":{"y":0,"x":0,"width":1,"height":1},"opacity":1,"edgeAntialiasingMask":0,"height":49,"hidden":false,"anchorPoint":{"pointX":0.49999574755058912,"pointY":0.49620689957388509}},"texture":"CDD3EACB480D600768BD33B67DF0ADC0"}]},{"animations":[{"additive":false,"timeOffset":0,"beginTime":0,"repeatCount":0,"fillMode":"both","duration":2,"autoreverses":false,"animations":[{"repeatCount":0,"removedOnCompletion":true,"from":{"scalar":0.018000000000000002},"timingFunction":"EaseInEaseOut","additive":false,"timeOffset":0,"autoreverses":false,"property":"zPosition","fillMode":"both","duration":2,"beginTime":0,"to":{"scalar":0.018000000000000002}}],"removedOnCompletion":false}],"initialState":{"affineTransform":[1,0,0,1,0,0],"masksToBounds":false,"rotation":0,"scale":1,"position":{"pointX":945.364990234375,"pointY":727.27390043658124},"width":826.03125,"sublayerTransform":[1,0,0,0,0,1,0,0,0,0,1,0,0,0,0,1],"contentsRect":{"y":0,"x":0,"width":1,"height":1},"opacity":1,"edgeAntialiasingMask":251658240,"height":531.51203427159999,"hidden":false,"anchorPoint":{"pointX":0.5,"pointY":0.5}},"layers":[{"animations":[{"additive":false,"timeOffset":0,"beginTime":0,"repeatCount":0,"fillMode":"both","duration":2,"autoreverses":false,"animations":[{"repeatCount":0,"removedOnCompletion":true,"from":{"scalar":1},"timingFunction":"EaseInEaseOut","additive":false,"timeOffset":0,"autoreverses":false,"property":"opacity","fillMode":"forwards","duration":0.66659999999999997,"beginTime":0,"to":{"scalar":0}},{"additive":false,"timeOffset":0,"beginTime":0.66659999999999997,"from":{"scalar":true},"repeatCount":0,"fillMode":"forwards","duration":1.3334000000000001,"autoreverses":false,"property":"hidden","to":{"scalar":true},"removedOnCompletion":true}],"removedOnCompletion":false}],"layers":[],"texturedRectangle":{"isBackgroundTexture":true,"singleTextureOpacity":1,"textureType":5,"textBaseline":0,"textXHeight":0,"isVerticalText":false},"initialState":{"affineTransform":[1,0,0,1,0,0],"masksToBounds":false,"rotation":0,"scale":1,"position":{"pointX":413.00949997232237,"pointY":265.75601713579999},"width":829,"sublayerTransform":[1,0,0,0,0,1,0,0,0,0,1,0,0,0,0,1],"contentsRect":{"y":0,"x":0,"width":1,"height":1},"opacity":1,"edgeAntialiasingMask":0,"height":535,"hidden":false,"anchorPoint":{"pointX":0.49982975296344678,"pointY":0.49957738399360979}},"texture":"A5C2AAE1529A6E14D471FD3CDBD561D2"}]},{"animations":[{"additive":false,"timeOffset":0,"beginTime":0,"repeatCount":0,"fillMode":"both","duration":2,"autoreverses":false,"animations":[{"repeatCount":0,"removedOnCompletion":true,"from":{"scalar":0.019},"timingFunction":"EaseInEaseOut","additive":false,"timeOffset":0,"autoreverses":false,"property":"zPosition","fillMode":"both","duration":2,"beginTime":0,"to":{"scalar":0.019}}],"removedOnCompletion":false}],"initialState":{"affineTransform":[1,0,0,1,0,0],"masksToBounds":false,"rotation":0,"scale":1,"position":{"pointX":598.90685170435199,"pointY":603.9163818359375},"width":44.304670205578986,"sublayerTransform":[1,0,0,0,0,1,0,0,0,0,1,0,0,0,0,1],"contentsRect":{"y":0,"x":0,"width":1,"height":1},"opacity":1,"edgeAntialiasingMask":251658240,"height":4,"hidden":false,"anchorPoint":{"pointX":0.5,"pointY":0.5}},"layers":[{"animations":[{"additive":false,"timeOffset":0,"beginTime":0,"repeatCount":0,"fillMode":"both","duration":2,"autoreverses":false,"animations":[{"repeatCount":0,"removedOnCompletion":true,"from":{"scalar":1},"timingFunction":"EaseInEaseOut","additive":false,"timeOffset":0,"autoreverses":false,"property":"opacity","fillMode":"forwards","duration":0.66659999999999997,"beginTime":0,"to":{"scalar":0}},{"additive":false,"timeOffset":0,"beginTime":0.66659999999999997,"from":{"scalar":true},"repeatCount":0,"fillMode":"forwards","duration":1.3334000000000001,"autoreverses":false,"property":"hidden","to":{"scalar":true},"removedOnCompletion":true}],"removedOnCompletion":false}],"layers":[],"texturedRectangle":{"singleTextureOpacity":1,"textXHeight":0,"shapePath":{"lineWidth":1,"flatness":0.59999999999999998,"lineCapStyle":0,"elements":[{"type":"MoveToPoint","points":[[1.7545166015625,3.9163818359375]]},{"type":"AddLine","points":[[46.059186807141486,3.9163818359375]]}],"windingRule":0,"lineJoinStyle":0,"miterLimit":10},"isBackgroundTexture":true,"textBaseline":0,"isVerticalText":false,"textureType":5},"initialState":{"affineTransform":[1,0,0,1,0,0],"masksToBounds":false,"rotation":0,"scale":1,"position":{"pointX":22.152336120605469,"pointY":2},"width":48,"sublayerTransform":[1,0,0,0,0,1,0,0,0,0,1,0,0,0,0,1],"contentsRect":{"y":0,"x":0,"width":1,"height":1},"opacity":1,"edgeAntialiasingMask":0,"height":7,"hidden":false,"anchorPoint":{"pointX":0.4980594317118327,"pointY":0.5594831194196429}},"texture":"0B2D89544704522EA4F0024D2923D2AD"}]},{"animations":[{"additive":false,"timeOffset":0,"beginTime":0,"repeatCount":0,"fillMode":"both","duration":2,"autoreverses":false,"animations":[{"repeatCount":0,"removedOnCompletion":true,"from":{"scalar":0.02},"timingFunction":"EaseInEaseOut","additive":false,"timeOffset":0,"autoreverses":false,"property":"zPosition","fillMode":"both","duration":2,"beginTime":0,"to":{"scalar":0.02}}],"removedOnCompletion":false}],"initialState":{"affineTransform":[1,0,0,1,0,0],"masksToBounds":false,"rotation":0,"scale":1,"position":{"pointX":901.36119740747699,"pointY":756.81561279296875},"width":44.304670205578986,"sublayerTransform":[1,0,0,0,0,1,0,0,0,0,1,0,0,0,0,1],"contentsRect":{"y":0,"x":0,"width":1,"height":1},"opacity":1,"edgeAntialiasingMask":251658240,"height":4,"hidden":false,"anchorPoint":{"pointX":0.5,"pointY":0.5}},"layers":[{"animations":[{"additive":false,"timeOffset":0,"beginTime":0,"repeatCount":0,"fillMode":"both","duration":2,"autoreverses":false,"animations":[{"repeatCount":0,"removedOnCompletion":true,"from":{"scalar":1},"timingFunction":"EaseInEaseOut","additive":false,"timeOffset":0,"autoreverses":false,"property":"opacity","fillMode":"forwards","duration":0.66659999999999997,"beginTime":0,"to":{"scalar":0}},{"additive":false,"timeOffset":0,"beginTime":0.66659999999999997,"from":{"scalar":true},"repeatCount":0,"fillMode":"forwards","duration":1.3334000000000001,"autoreverses":false,"property":"hidden","to":{"scalar":true},"removedOnCompletion":true}],"removedOnCompletion":false}],"layers":[],"texturedRectangle":{"singleTextureOpacity":1,"textXHeight":0,"shapePath":{"lineWidth":1,"flatness":0.59999999999999998,"lineCapStyle":0,"elements":[{"type":"MoveToPoint","points":[[1.2088623046875,3.81561279296875]]},{"type":"AddLine","points":[[45.513532510266486,3.81561279296875]]}],"windingRule":0,"lineJoinStyle":0,"miterLimit":10},"isBackgroundTexture":true,"textBaseline":0,"isVerticalText":false,"textureType":5},"initialState":{"affineTransform":[1,0,0,1,0,0],"masksToBounds":false,"rotation":0,"scale":1,"position":{"pointX":22.152336120605469,"pointY":2},"width":47,"sublayerTransform":[1,0,0,0,0,1,0,0,0,0,1,0,0,0,0,1],"contentsRect":{"y":0,"x":0,"width":1,"height":1},"opacity":1,"edgeAntialiasingMask":0,"height":7,"hidden":false,"anchorPoint":{"pointX":0.4970467750062334,"pointY":0.5450875418526786}},"texture":"FCF55DDFB6D932E555338FF676FB85AA"}]},{"animations":[{"additive":false,"timeOffset":0,"beginTime":0,"repeatCount":0,"fillMode":"both","duration":2,"autoreverses":false,"animations":[{"repeatCount":0,"removedOnCompletion":true,"from":{"scalar":0.021000000000000001},"timingFunction":"EaseInEaseOut","additive":false,"timeOffset":0,"autoreverses":false,"property":"zPosition","fillMode":"both","duration":2,"beginTime":0,"to":{"scalar":0.021000000000000001}}],"removedOnCompletion":false}],"initialState":{"affineTransform":[1,0,0,1,0,0],"masksToBounds":false,"rotation":0,"scale":1,"position":{"pointX":798.10509389185199,"pointY":917.71197509765625},"width":44.304670205578986,"sublayerTransform":[1,0,0,0,0,1,0,0,0,0,1,0,0,0,0,1],"contentsRect":{"y":0,"x":0,"width":1,"height":1},"opacity":1,"edgeAntialiasingMask":251658240,"height":4,"hidden":false,"anchorPoint":{"pointX":0.5,"pointY":0.5}},"layers":[{"animations":[{"additive":false,"timeOffset":0,"beginTime":0,"repeatCount":0,"fillMode":"both","duration":2,"autoreverses":false,"animations":[{"repeatCount":0,"removedOnCompletion":true,"from":{"scalar":1},"timingFunction":"EaseInEaseOut","additive":false,"timeOffset":0,"autoreverses":false,"property":"opacity","fillMode":"forwards","duration":0.66659999999999997,"beginTime":0,"to":{"scalar":0}},{"additive":false,"timeOffset":0,"beginTime":0.66659999999999997,"from":{"scalar":true},"repeatCount":0,"fillMode":"forwards","duration":1.3334000000000001,"autoreverses":false,"property":"hidden","to":{"scalar":true},"removedOnCompletion":true}],"removedOnCompletion":false}],"layers":[],"texturedRectangle":{"singleTextureOpacity":1,"textXHeight":0,"shapePath":{"lineWidth":1,"flatness":0.59999999999999998,"lineCapStyle":0,"elements":[{"type":"MoveToPoint","points":[[1.9527587890625,3.71197509765625]]},{"type":"AddLine","points":[[46.257428994641486,3.71197509765625]]}],"windingRule":0,"lineJoinStyle":0,"miterLimit":10},"isBackgroundTexture":true,"textBaseline":0,"isVerticalText":false,"textureType":5},"initialState":{"affineTransform":[1,0,0,1,0,0],"masksToBounds":false,"rotation":0,"scale":1,"position":{"pointX":22.152336120605469,"pointY":2},"width":48,"sublayerTransform":[1,0,0,0,0,1,0,0,0,0,1,0,0,0,0,1],"contentsRect":{"y":0,"x":0,"width":1,"height":1},"opacity":1,"edgeAntialiasingMask":0,"height":7,"hidden":false,"anchorPoint":{"pointX":0.50218947728474939,"pointY":0.5302821568080357}},"texture":"EE05BD7C877D38E913ED714770104FB9"}]},{"animations":[{"additive":false,"timeOffset":0,"beginTime":0,"repeatCount":0,"fillMode":"both","duration":2,"autoreverses":false,"animations":[{"repeatCount":0,"removedOnCompletion":true,"from":{"scalar":0.021999999999999999},"timingFunction":"EaseInEaseOut","additive":false,"timeOffset":0,"autoreverses":false,"property":"zPosition","fillMode":"both","duration":2,"beginTime":0,"to":{"scalar":0.021999999999999999}}],"removedOnCompletion":false}],"initialState":{"affineTransform":[1,0,0,1,0,0],"masksToBounds":false,"rotation":0,"scale":1,"position":{"pointX":960.00003051757812,"pointY":748.46661376953125},"width":868.58123779296875,"sublayerTransform":[1,0,0,0,0,1,0,0,0,0,1,0,0,0,0,1],"contentsRect":{"y":0,"x":0,"width":1,"height":1},"opacity":1,"edgeAntialiasingMask":251658240,"height":535.08160400390625,"hidden":false,"anchorPoint":{"pointX":0.5,"pointY":0.5}},"layers":[{"animations":[{"additive":false,"timeOffset":0,"beginTime":0,"repeatCount":0,"fillMode":"both","duration":2,"autoreverses":false,"animations":[{"repeatCount":0,"removedOnCompletion":true,"from":{"scalar":0},"timingFunction":"EaseInEaseOut","additive":false,"timeOffset":0,"autoreverses":false,"property":"opacity","fillMode":"both","duration":0.66659999999999997,"beginTime":1.3334000000000001,"to":{"scalar":1}},{"additive":false,"timeOffset":0,"beginTime":1.3334000000000001,"from":{"scalar":false},"repeatCount":0,"fillMode":"forwards","duration":0.66659999999999986,"autoreverses":false,"property":"hidden","to":{"scalar":false},"removedOnCompletion":true}],"removedOnCompletion":false}],"layers":[],"texturedRectangle":{"isBackgroundTexture":true,"singleTextureOpacity":1,"textureType":5,"textBaseline":0,"textXHeight":0,"isVerticalText":false},"initialState":{"affineTransform":[1,0,0,1,0,0],"masksToBounds":false,"rotation":0,"scale":1,"position":{"pointX":434.29061889648438,"pointY":267.54080200195312},"width":872,"sublayerTransform":[1,0,0,0,0,1,0,0,0,0,1,0,0,0,0,1],"contentsRect":{"y":0,"x":0,"width":1,"height":1},"opacity":1,"edgeAntialiasingMask":0,"height":539,"hidden":true,"anchorPoint":{"pointX":0.50000003499722268,"pointY":0.49993805894161641}},"texture":"AB6E21EA9D3265B663953A84BFB960B3"}]}]},"effects":[],"duration":2,"type":"transition","attributes":{"direction":0},"name":"apple:magic-move-implied-motion-path","objectID":"0"}],"automaticPlay":false,"hyperlinks":[],"accessibility":[{"text":"Screen Shot 2020-11-06 at 21.31.38.png","targetRectangle":{"y":427.15408325195318,"x":595.546875,"width":728.90625,"height":46.320109654334374}},{"text":"正确使用搜索引擎","targetRectangle":{"y":43.805075824260712,"x":78.315109252929688,"width":560,"height":98}},{"text":"androlablogo.png","targetRectangle":{"y":-13.44533634185791,"x":1635.907470703125,"width":263.60980224609375,"height":263.60980224609375}},{"text":"pasted-image.tiff","targetRectangle":{"y":203.77304077148438,"x":797.78790283203125,"width":324.42425537109375,"height":106}},{"text":"inurl:Java","targetRectangle":{"y":357.5152280330658,"x":863.70483827590942,"width":192.59033203125,"height":54}},{"text":"Screen Shot 2020-11-06 at 21.34.41.png","targetRectangle":{"y":461.51788330078125,"x":532.349365234375,"width":826.03125,"height":531.51203427159999}},{"text":"￼","targetRectangle":{"y":1037.1928260326385,"x":1755.2383622894288,"width":24.947999999999865,"height":26.381927490234375}},{"text":"Use Baidu correctly","targetRectangle":{"y":143.30508363246918,"x":86.315109252929688,"width":197.49600000000004,"height":37.828785569377942}},{"text":"开始你的计算机学习——By holk","targetRectangle":{"y":1035.3837888091803,"x":20.716238021850586,"width":303.05000017702577,"height":38.6180739402771}}],"baseLayer":{"animations":[],"initialState":{"affineTransform":[1,0,0,1,0,0],"masksToBounds":false,"rotation":0,"scale":1,"position":{"pointX":960,"pointY":540},"width":1920,"sublayerTransform":[1,0,0,0,0,1,0,0,0,0,1,0,0,0,0,1],"contentsRect":{"y":0,"x":0,"width":1,"height":1},"opacity":1,"edgeAntialiasingMask":251658240,"height":1080,"hidden":false,"anchorPoint":{"pointX":0.5,"pointY":0.5}},"objectID":"0","layers":[{"animations":[],"initialState":{"affineTransform":[1,0,0,1,0,0],"masksToBounds":false,"rotation":0,"scale":1,"position":{"pointX":960,"pointY":540},"width":1920,"sublayerTransform":[1,0,0,0,0,1,0,0,0,0,1,-0.00035007912466775983,0,0,0,1],"contentsRect":{"y":0,"x":0,"width":1,"height":1},"opacity":1,"edgeAntialiasingMask":251658240,"height":1080,"hidden":false,"anchorPoint":{"pointX":0.5,"pointY":0.5}},"layers":[{"animations":[],"initialState":{"affineTransform":[1,0,0,1,0,0],"masksToBounds":false,"rotation":0,"scale":1,"position":{"pointX":960,"pointY":540},"width":1920,"sublayerTransform":[1,0,0,0,0,1,0,0,0,0,1,0,0,0,0,1],"contentsRect":{"y":0,"x":0,"width":1,"height":1},"opacity":1,"edgeAntialiasingMask":251658240,"height":1080,"hidden":false,"anchorPoint":{"pointX":0.5,"pointY":0.5}},"layers":[{"animations":[],"layers":[],"texturedRectangle":{"isBackgroundTexture":true,"singleTextureOpacity":1,"textureType":1,"textBaseline":0,"textXHeight":0,"isVerticalText":false},"initialState":{"affineTransform":[1,0,0,1,0,0],"masksToBounds":false,"rotation":0,"scale":1,"position":{"pointX":960,"pointY":540},"width":1920,"sublayerTransform":[1,0,0,0,0,1,0,0,0,0,1,0,0,0,0,1],"contentsRect":{"y":0,"x":0,"width":1,"height":1},"opacity":1,"edgeAntialiasingMask":0,"height":1080,"hidden":false,"anchorPoint":{"pointX":0.5,"pointY":0.5}},"texture":"C25C25FF361FB24FC35F6B120D2F252D"}]}]},{"animations":[],"initialState":{"affineTransform":[1,0,0,1,0,0],"masksToBounds":false,"rotation":0,"scale":1,"position":{"pointX":1767.7123410701752,"pointY":1050.3838073015213},"width":81.405150890350342,"sublayerTransform":[1,0,0,0,0,1,0,0,0,0,1,0,0,0,0,1],"contentsRect":{"y":0,"x":0,"width":1,"height":1},"opacity":1,"edgeAntialiasingMask":251658240,"height":59.232336282730103,"hidden":false,"anchorPoint":{"pointX":0.5,"pointY":0.5}},"layers":[{"animations":[],"layers":[],"texturedRectangle":{"singleTextureOpacity":1,"textXHeight":0,"shapePath":{"lineWidth":1,"flatness":0.59999999999999998,"lineCapStyle":0,"elements":[{"type":"MoveToPoint","points":[[1.009765625,1.76763916015625]]},{"type":"AddLine","points":[[82.414916515350342,1.76763916015625]]},{"type":"AddLine","points":[[82.414916515350342,60.999975442886353]]},{"type":"AddLine","points":[[1.009765625,60.999975442886353]]},{"type":"CloseSubpath"},{"type":"MoveToPoint","points":[[1.009765625,1.76763916015625]]}],"windingRule":0,"lineJoinStyle":0,"miterLimit":10},"isBackgroundTexture":true,"textBaseline":0,"isVerticalText":false,"textureType":5},"initialState":{"affineTransform":[1,0,0,1,0,0],"masksToBounds":false,"rotation":0,"scale":1,"position":{"pointX":40.70257568359375,"pointY":29.616168975830078},"width":84,"sublayerTransform":[1,0,0,0,0,1,0,0,0,0,1,0,0,0,0,1],"contentsRect":{"y":0,"x":0,"width":1,"height":1},"opacity":1,"edgeAntialiasingMask":0,"height":62,"hidden":false,"anchorPoint":{"pointX":0.4965754917689732,"pointY":0.50619045380623107}},"texture":"A6E833AA860844AE12191F236E634EA4"}]},{"animations":[],"initialState":{"affineTransform":[1,0,0,1,0,0],"masksToBounds":false,"rotation":0,"scale":1,"position":{"pointX":945.36499368689692,"pointY":195.90701293945312},"width":1726.0997688679345,"sublayerTransform":[1,0,0,0,0,1,0,0,0,0,1,0,0,0,0,1],"contentsRect":{"y":0,"x":0,"width":1,"height":1},"opacity":1,"edgeAntialiasingMask":251658240,"height":2,"hidden":false,"anchorPoint":{"pointX":0.5,"pointY":0.5}},"layers":[{"animations":[],"layers":[],"texturedRectangle":{"singleTextureOpacity":1,"textXHeight":0,"shapePath":{"lineWidth":1,"flatness":0.59999999999999998,"lineCapStyle":0,"elements":[{"type":"MoveToPoint","points":[[1.3151092529296875,2.907012939453125]]},{"type":"AddLine","points":[[1727.4148781208642,2.907012939453125]]}],"windingRule":0,"lineJoinStyle":0,"miterLimit":10},"isBackgroundTexture":true,"textBaseline":0,"isVerticalText":false,"textureType":5},"initialState":{"affineTransform":[1,0,0,1,0,0],"masksToBounds":false,"rotation":0,"scale":1,"position":{"pointX":863.0499267578125,"pointY":1},"width":1729,"sublayerTransform":[1,0,0,0,0,1,0,0,0,0,1,0,0,0,0,1],"contentsRect":{"y":0,"x":0,"width":1,"height":1},"opacity":1,"edgeAntialiasingMask":0,"height":5,"hidden":false,"anchorPoint":{"pointX":0.49992194101257503,"pointY":0.58140258789062504}},"texture":"DB279119010ED2762F2E8F982BBD0863"}]},{"animations":[],"initialState":{"affineTransform":[1,0,0,1,0,0],"masksToBounds":false,"rotation":0,"scale":1,"position":{"pointX":1767.7123718261719,"pointY":118.35956478118896},"width":263.60980224609375,"sublayerTransform":[1,0,0,0,0,1,0,0,0,0,1,0,0,0,0,1],"contentsRect":{"y":0,"x":0,"width":1,"height":1},"opacity":0.77594292163848877,"edgeAntialiasingMask":251658240,"height":263.60980224609375,"hidden":false,"anchorPoint":{"pointX":0.5,"pointY":0.5}},"layers":[{"animations":[],"layers":[],"texturedRectangle":{"isBackgroundTexture":true,"singleTextureOpacity":0.77594292163848877,"textureType":5,"textBaseline":0,"textXHeight":0,"isVerticalText":false},"initialState":{"affineTransform":[1,0,0,1,0,0],"masksToBounds":false,"rotation":0,"scale":1,"position":{"pointX":131.80490112304688,"pointY":131.80490112304688},"width":267,"sublayerTransform":[1,0,0,0,0,1,0,0,0,0,1,0,0,0,0,1],"contentsRect":{"y":0,"x":0,"width":1,"height":1},"opacity":1,"edgeAntialiasingMask":0,"height":267,"hidden":false,"anchorPoint":{"pointX":0.50079540009802204,"pointY":0.49947402539771146}},"texture":"649E80B6E5AF2375098394864E7312C9"}]},{"animations":[],"initialState":{"affineTransform":[1,0,0,1,0,0],"masksToBounds":false,"rotation":0,"scale":1,"position":{"pointX":487.32841554819606,"pointY":92.805076599121094},"width":826.02661259053275,"sublayerTransform":[1,0,0,0,0,1,0,0,0,0,1,0,0,0,0,1],"contentsRect":{"y":0,"x":0,"width":1,"height":1},"opacity":1,"edgeAntialiasingMask":251658240,"height":106.00000154972076,"hidden":false,"anchorPoint":{"pointX":0.5,"pointY":0.5}},"layers":[{"animations":[],"layers":[],"texturedRectangle":{"singleTextureOpacity":1,"textXHeight":0.60869565217391319,"textBaseline":0.86963808104611828,"isBackgroundTexture":true,"isVerticalText":false,"textColor":[0.46666666865348816,0.46666666865348816,0.46274510025978088,1],"textureType":6},"initialState":{"affineTransform":[1,0,0,1,0,0],"masksToBounds":false,"rotation":0,"scale":1,"position":{"pointX":413.0133056640625,"pointY":53},"width":557,"sublayerTransform":[1,0,0,0,0,1,0,0,0,0,1,0,0,0,0,1],"contentsRect":{"y":0,"x":0,"width":1,"height":1},"opacity":1,"edgeAntialiasingMask":0,"height":69,"hidden":false,"anchorPoint":{"pointX":0.73128979338777766,"pointY":0.50442138875740161}},"texture":"90F9BF7D872FC17FDD07DCF81E847D74"}]},{"animations":[],"initialState":{"affineTransform":[1,0,0,1,0,0],"masksToBounds":false,"rotation":0,"scale":1,"position":{"pointX":1767.7123613357544,"pointY":1050.3837890625},"width":58.540201187133789,"sublayerTransform":[1,0,0,0,0,1,0,0,0,0,1,0,0,0,0,1],"contentsRect":{"y":0,"x":0,"width":1,"height":1},"opacity":1,"edgeAntialiasingMask":251658240,"height":34.3819260597229,"hidden":false,"anchorPoint":{"pointX":0.5,"pointY":0.5}},"layers":[{"animations":[],"layers":[],"texturedRectangle":{"singleTextureOpacity":1,"textXHeight":0.55000000000000004,"textBaseline":0.87513660192489628,"isBackgroundTexture":true,"isVerticalText":false,"textColor":[0.99991005659103394,1,0.99987798929214478,1],"textureType":6},"initialState":{"affineTransform":[1,0,0,1,0,0],"masksToBounds":false,"rotation":0,"scale":1,"position":{"pointX":29.270101547241211,"pointY":17.190963745117188},"width":28,"sublayerTransform":[1,0,0,0,0,1,0,0,0,0,1,0,0,0,0,1],"contentsRect":{"y":0,"x":0,"width":1,"height":1},"opacity":1,"edgeAntialiasingMask":0,"height":20,"hidden":false,"anchorPoint":{"pointX":0.52544151033673969,"pointY":0.51918948888778682}},"texture":"C4E20DB39C4ABF92D2D574C8BF0DE790"}]},{"animations":[],"initialState":{"affineTransform":[1,0,0,1,0,0],"masksToBounds":false,"rotation":0,"scale":1,"position":{"pointX":381.16624013171531,"pointY":157.87704467773438},"width":597.70226175757125,"sublayerTransform":[1,0,0,0,0,1,0,0,0,0,1,0,0,0,0,1],"contentsRect":{"y":0,"x":0,"width":1,"height":1},"opacity":1,"edgeAntialiasingMask":251658240,"height":37.143922090530396,"hidden":false,"anchorPoint":{"pointX":0.5,"pointY":0.5}},"layers":[{"animations":[],"layers":[],"texturedRectangle":{"singleTextureOpacity":1,"textXHeight":0.46153846153846156,"textBaseline":0.7240377343617953,"isBackgroundTexture":true,"isVerticalText":false,"textColor":[0.46666666865348816,0.46666666865348816,0.46274510025978088,1],"textureType":6},"initialState":{"affineTransform":[1,0,0,1,0,0],"masksToBounds":false,"rotation":0,"scale":1,"position":{"pointX":298.85113525390625,"pointY":18.57196044921875},"width":199,"sublayerTransform":[1,0,0,0,0,1,0,0,0,0,1,0,0,0,0,1],"contentsRect":{"y":0,"x":0,"width":1,"height":1},"opacity":1,"edgeAntialiasingMask":0,"height":26,"hidden":false,"anchorPoint":{"pointX":1.4782223342052057,"pointY":0.41834784929568952}},"texture":"CC652652C4CBB9763290793D4BD651D7"}]},{"animations":[],"initialState":{"affineTransform":[1,0,0,1,0,0],"masksToBounds":false,"rotation":0,"scale":1,"position":{"pointX":381.16623913752846,"pointY":1050.3837890625},"width":728.90000223135576,"sublayerTransform":[1,0,0,0,0,1,0,0,0,0,1,0,0,0,0,1],"contentsRect":{"y":0,"x":0,"width":1,"height":1},"opacity":1,"edgeAntialiasingMask":251658240,"height":38.000000506639481,"hidden":false,"anchorPoint":{"pointX":0.5,"pointY":0.5}},"layers":[{"animations":[],"layers":[],"texturedRectangle":{"singleTextureOpacity":1,"textXHeight":0.48888888888888887,"textBaseline":0.73717680187137036,"isBackgroundTexture":true,"isVerticalText":false,"textColor":[0.46666666865348816,0.46666666865348816,0.46274510025978088,1],"textureType":6},"initialState":{"affineTransform":[1,0,0,1,0,0],"masksToBounds":false,"rotation":0,"scale":1,"position":{"pointX":364.45001220703125,"pointY":19},"width":305,"sublayerTransform":[1,0,0,0,0,1,0,0,0,0,1,0,0,0,0,1],"contentsRect":{"y":0,"x":0,"width":1,"height":1},"opacity":1,"edgeAntialiasingMask":0,"height":27,"hidden":false,"anchorPoint":{"pointX":1.1841516400946945,"pointY":0.45865884478445407}},"texture":"0B0A7B6440E0082F4BE7054819E8DB2B"}]},{"animations":[],"initialState":{"affineTransform":[1,0,0,1,0,0],"masksToBounds":false,"rotation":0,"scale":1,"position":{"pointX":960.00003051757812,"pointY":256.77304077148438},"width":324.42425537109375,"sublayerTransform":[1,0,0,0,0,1,0,0,0,0,1,0,0,0,0,1],"contentsRect":{"y":0,"x":0,"width":1,"height":1},"opacity":0.80002689361572266,"edgeAntialiasingMask":251658240,"height":106,"hidden":false,"anchorPoint":{"pointX":0.5,"pointY":0.5}},"layers":[{"animations":[],"layers":[],"texturedRectangle":{"isBackgroundTexture":true,"singleTextureOpacity":0.80002689361572266,"textureType":5,"textBaseline":0,"textXHeight":0,"isVerticalText":false},"initialState":{"affineTransform":[1,0,0,1,0,0],"masksToBounds":false,"rotation":0,"scale":1,"position":{"pointX":162.21212768554688,"pointY":53},"width":328,"sublayerTransform":[1,0,0,0,0,1,0,0,0,0,1,0,0,0,0,1],"contentsRect":{"y":0,"x":0,"width":1,"height":1},"opacity":1,"edgeAntialiasingMask":0,"height":109,"hidden":false,"anchorPoint":{"pointX":0.5000000930413967,"pointY":0.50250496120627863}},"texture":"74A76CAB39CC5781F928F59BED38D5C9"}]},{"animations":[],"initialState":{"affineTransform":[1,0,0,1,0,0],"masksToBounds":false,"rotation":0,"scale":1,"position":{"pointX":960,"pointY":384.51522827148438},"width":909.8194580078125,"sublayerTransform":[1,0,0,0,0,1,0,0,0,0,1,0,0,0,0,1],"contentsRect":{"y":0,"x":0,"width":1,"height":1},"opacity":1,"edgeAntialiasingMask":251658240,"height":77,"hidden":false,"anchorPoint":{"pointX":0.5,"pointY":0.5}},"layers":[{"animations":[],"layers":[],"texturedRectangle":{"singleTextureOpacity":1,"textXHeight":0,"shapePath":{"lineWidth":1,"flatness":0.59999999999999998,"lineCapStyle":0,"elements":[{"type":"MoveToPoint","points":[[26.020245996093763,3.015228271484375]]},{"type":"AddLine","points":[[885.97975400390624,3.015228271484375]]},{"type":"AddCurve","points":[[892.70853805767388,3.015228271484375],[896.74580848993446,3.015228271484375],[899.43732211144152,4.1388990891896356]]},{"type":"AddCurve","points":[[903.31737160452008,5.5511216121499274],[906.3738356632407,8.6075856708706056],[907.78605818620099,12.487635163949278]]},{"type":"AddCurve","points":[[908.90972900390625,15.179148785456277],[908.90972900390625,19.216419217716805],[908.90972900390625,25.945203271484388]]},{"type":"AddLine","points":[[908.90972900390625,53.085253271484362]]},{"type":"AddCurve","points":[[908.90972900390625,59.814037325251945],[908.90972900390625,63.851307757512473],[907.78605818620099,66.542821379019472]]},{"type":"AddCurve","points":[[906.3738356632407,70.422870872098201],[903.31737160452008,73.479334930818823],[899.43732211144152,74.891557453779114]]},{"type":"AddCurve","points":[[896.74580848993446,76.015228271484375],[892.70853805767388,76.015228271484375],[885.97975400390624,76.015228271484375]]},{"type":"AddLine","points":[[26.020245996093763,76.015228271484375]]},{"type":"AddCurve","points":[[19.291461942326237,76.015228271484375],[15.254191510065652,76.015228271484375],[12.562677888558596,74.891557453779114]]},{"type":"AddCurve","points":[[8.6826283954799237,73.479334930818823],[5.6261643367593024,70.422870872098201],[4.2139418137990106,66.542821379019472]]},{"type":"AddCurve","points":[[3.09027099609375,63.851307757512473],[3.09027099609375,59.814037325251945],[3.09027099609375,53.085253271484362]]},{"type":"AddLine","points":[[3.09027099609375,25.945203271484388]]},{"type":"AddCurve","points":[[3.09027099609375,19.216419217716805],[3.09027099609375,15.179148785456277],[4.2139418137990106,12.487635163949278]]},{"type":"AddCurve","points":[[5.6261643367593024,8.6075856708706056],[8.6826283954799237,5.5511216121499274],[12.562677888558596,4.1388990891896356]]},{"type":"AddCurve","points":[[15.254191510065652,3.015228271484375],[19.291461942326237,3.015228271484375],[26.020245996093763,3.015228271484375]]},{"type":"CloseSubpath"},{"type":"MoveToPoint","points":[[26.020245996093763,3.015228271484375]]}],"windingRule":0,"lineJoinStyle":0,"miterLimit":10},"isBackgroundTexture":true,"textBaseline":0,"isVerticalText":false,"textureType":5},"initialState":{"affineTransform":[1,0,0,1,0,0],"masksToBounds":false,"rotation":0,"scale":1,"position":{"pointX":454.90972900390625,"pointY":38.5},"width":912,"sublayerTransform":[1,0,0,0,0,1,0,0,0,0,1,0,0,0,0,1],"contentsRect":{"y":0,"x":0,"width":1,"height":1},"opacity":1,"edgeAntialiasingMask":0,"height":80,"hidden":false,"anchorPoint":{"pointX":0.5,"pointY":0.49394035339355469}},"texture":"289440CE5BA26DFFA38EC6C7DB07B516"}]},{"animations":[],"initialState":{"affineTransform":[1,0,0,1,0,0],"masksToBounds":false,"rotation":0,"scale":1,"position":{"pointX":1373.4643216633208,"pointY":384.51522840191433},"width":31.691338573293478,"sublayerTransform":[1,0,0,0,0,1,0,0,0,0,1,0,0,0,0,1],"contentsRect":{"y":0,"x":0,"width":1,"height":1},"opacity":1,"edgeAntialiasingMask":251658240,"height":37.143921068552231,"hidden":false,"anchorPoint":{"pointX":0.5,"pointY":0.5}},"layers":[{"animations":[],"layers":[],"texturedRectangle":{"singleTextureOpacity":1,"textXHeight":0,"shapePath":{"lineWidth":1,"flatness":0.59999999999999998,"lineCapStyle":0,"elements":[{"type":"MoveToPoint","points":[[13.935019015942771,1.9510129680390378]]},{"type":"AddCurve","points":[[11.472911825646179,2.0365200038216926],[9.0118035802097438,2.8297891605708969],[6.8746977866655925,4.3857064070394927]]},{"type":"AddCurve","points":[[1.1753671967649097,8.5347256050937403],[-0.086353474240013384,16.547283649066003],[4.0627570952979113,22.246895576216502]]},{"type":"AddCurve","points":[[7.6261041105615277,27.141773174873379],[14.206408954917833,28.868771581835063],[19.709798813008774,26.353082891408576]]},{"type":"AddLine","points":[[20.098653332007189,26.176067042485101]]},{"type":"AddLine","points":[[20.322099585461501,26.53880443782009]]},{"type":"AddCurve","points":[[20.34132183507063,26.569727800772398],[20.355367991666299,26.592257193685782],[20.371431875185181,26.614253816049768]]},{"type":"AddLine","points":[[29.094541458089907,38.596195458755119]]},{"type":"AddCurve","points":[[29.281283218408817,38.85295685693427],[29.558411776793946,39.022233363461964],[29.875152395482246,39.072106921434624]]},{"type":"AddCurve","points":[[30.192179236669517,39.121971977749581],[30.509645330206695,39.047384100833824],[30.766035509903986,38.860268282558991]]},{"type":"AddLine","points":[[32.817678382529948,37.365790213778837]]},{"type":"AddCurve","points":[[33.350791874896004,36.977817064494957],[33.46981792617612,36.227593948251069],[33.081751227521409,35.694296296075208]]},{"type":"AddLine","points":[[24.358641644616682,23.712354653369857]]},{"type":"AddCurve","points":[[24.321775619971959,23.661560082479355],[24.279666905989643,23.615964275274337],[24.236761870005239,23.573063493561222]]},{"type":"AddLine","points":[[23.92625863468561,23.259658383991791]]},{"type":"AddLine","points":[[24.207742876050133,22.920136181958242]]},{"type":"AddCurve","points":[[27.973898191919716,18.411653258138358],[28.189636275104704,11.946177998456051],[24.732986666637544,7.1976465185584857]]},{"type":"AddCurve","points":[[22.139732894089548,3.6355073788257641],[18.038530055142019,1.8085013044639027],[13.935019015942771,1.9510129680390378]]},{"type":"CloseSubpath"},{"type":"MoveToPoint","points":[[13.972743708084408,4.6178583400538855]]},{"type":"AddCurve","points":[[14.633043426837503,4.5919544975038207],[15.301278026749969,4.6316483830841548],[15.96925049219567,4.7368362057237619]]},{"type":"AddCurve","points":[[18.640482892396676,5.1573095983460462],[20.986230718260231,6.5897347760222829],[22.573973516377691,8.7704758647309973]]},{"type":"AddCurve","points":[[25.855488962107984,13.279052306785616],[24.859227792000638,19.617841531147178],[20.351118579416607,22.899822887819482]]},{"type":"AddCurve","points":[[18.558440472035727,24.204981792036733],[16.475228107939074,24.832490564050204],[14.410930516806502,24.832487730164303]]},{"type":"AddCurve","points":[[11.284121874127777,24.832487730164303],[8.1986865519811545,23.3898740242023],[6.2217704226757178,20.674066230043991]]},{"type":"AddCurve","points":[[2.939791636563541,16.165768925750626],[3.9361418969658644,9.8296903132534226],[8.4446253596368024,6.5476211061181857]]},{"type":"AddCurve","points":[[10.079903763672746,5.3570996170776084],[11.991843134882402,4.69556986770408],[13.972743708084408,4.6178583400538855]]},{"type":"CloseSubpath"},{"type":"MoveToPoint","points":[[13.972743708084408,4.6178583400538855]]}],"windingRule":0,"lineJoinStyle":0,"miterLimit":10},"isBackgroundTexture":true,"textBaseline":0,"isVerticalText":false,"textureType":5},"initialState":{"affineTransform":[1,0,0,1,0,0],"masksToBounds":false,"rotation":0,"scale":1,"position":{"pointX":15.845668759800446,"pointY":18.571960403846163},"width":35,"sublayerTransform":[1,0,0,0,0,1,0,0,0,0,1,0,0,0,0,1],"contentsRect":{"y":0,"x":0,"width":1,"height":1},"opacity":1,"edgeAntialiasingMask":0,"height":41,"hidden":false,"anchorPoint":{"pointX":0.49898060389927457,"pointY":0.50037142125571643}},"texture":"07D029E88FA833BBD107AF6CB88A0851"}]},{"animations":[],"initialState":{"affineTransform":[1,0,0,1,0,0],"masksToBounds":false,"rotation":0,"scale":1,"position":{"pointX":960,"pointY":384.51522827148438},"width":201.59032344818115,"sublayerTransform":[1,0,0,0,0,1,0,0,0,0,1,0,0,0,0,1],"contentsRect":{"y":0,"x":0,"width":1,"height":1},"opacity":1,"edgeAntialiasingMask":251658240,"height":62.000000476837158,"hidden":false,"anchorPoint":{"pointX":0.5,"pointY":0.5}},"layers":[{"animations":[],"layers":[],"texturedRectangle":{"singleTextureOpacity":1,"textXHeight":0.6536865234375,"textBaseline":0.94905852609210539,"isBackgroundTexture":true,"isVerticalText":false,"textColor":[0.46666666865348816,0.46666666865348816,0.46274510025978088,1],"textureType":6},"initialState":{"affineTransform":[1,0,0,1,0,0],"masksToBounds":false,"rotation":0,"scale":1,"position":{"pointX":100.795166015625,"pointY":31},"width":8,"sublayerTransform":[1,0,0,0,0,1,0,0,0,0,1,0,0,0,0,1],"contentsRect":{"y":0,"x":0,"width":1,"height":1},"opacity":1,"edgeAntialiasingMask":0,"height":36,"hidden":false,"anchorPoint":{"pointX":11.875000536441803,"pointY":0.48653411202960545}},"texture":"DFB518B62628747FEC63424F8E11DB78"}]},{"animations":[],"initialState":{"affineTransform":[1,0,0,1,0,0],"masksToBounds":false,"rotation":0,"scale":1,"position":{"pointX":960,"pointY":384.51522827148438},"width":201.59032344818115,"sublayerTransform":[1,0,0,0,0,1,0,0,0,0,1,0,0,0,0,1],"contentsRect":{"y":0,"x":0,"width":1,"height":1},"opacity":1,"edgeAntialiasingMask":251658240,"height":62.000000476837158,"hidden":false,"anchorPoint":{"pointX":0.5,"pointY":0.5}},"layers":[{"animations":[],"layers":[],"texturedRectangle":{"singleTextureOpacity":1,"textXHeight":0.63601932010135132,"textBaseline":0.92340829565718363,"isBackgroundTexture":true,"isVerticalText":false,"textColor":[0.46666666865348816,0.46666666865348816,0.46274510025978088,1],"textureType":6},"initialState":{"affineTransform":[1,0,0,1,0,0],"masksToBounds":false,"rotation":0,"scale":1,"position":{"pointX":100.795166015625,"pointY":31},"width":61,"sublayerTransform":[1,0,0,0,0,1,0,0,0,0,1,0,0,0,0,1],"contentsRect":{"y":0,"x":0,"width":1,"height":1},"opacity":1,"edgeAntialiasingMask":0,"height":37,"hidden":false,"anchorPoint":{"pointX":0.98360662773007257,"pointY":0.47338454143421071}},"texture":"C851741A281E9E704D548B57DEE64337"}]},{"animations":[],"initialState":{"affineTransform":[1,0,0,1,0,0],"masksToBounds":false,"rotation":0,"scale":1,"position":{"pointX":960,"pointY":384.51522827148438},"width":201.59032344818115,"sublayerTransform":[1,0,0,0,0,1,0,0,0,0,1,0,0,0,0,1],"contentsRect":{"y":0,"x":0,"width":1,"height":1},"opacity":1,"edgeAntialiasingMask":251658240,"height":62.000000476837158,"hidden":false,"anchorPoint":{"pointX":0.5,"pointY":0.5}},"layers":[{"animations":[],"layers":[],"texturedRectangle":{"singleTextureOpacity":1,"textXHeight":0.8404541015625,"textBaseline":0.93450381926127846,"isBackgroundTexture":true,"isVerticalText":false,"textColor":[0.46666666865348816,0.46666666865348816,0.46274510025978088,1],"textureType":6},"initialState":{"affineTransform":[1,0,0,1,0,0],"masksToBounds":false,"rotation":0,"scale":1,"position":{"pointX":100.795166015625,"pointY":31},"width":23,"sublayerTransform":[1,0,0,0,0,1,0,0,0,0,1,0,0,0,0,1],"contentsRect":{"y":0,"x":0,"width":1,"height":1},"opacity":1,"edgeAntialiasingMask":0,"height":28,"hidden":false,"anchorPoint":{"pointX":3.6956523605014966,"pointY":0.3398295726094927}},"texture":"C524AADC03F136D3EE96A24DF2364D3C"}]},{"animations":[],"initialState":{"affineTransform":[1,0,0,1,0,0],"masksToBounds":false,"rotation":0,"scale":1,"position":{"pointX":960,"pointY":384.51522827148438},"width":201.59032344818115,"sublayerTransform":[1,0,0,0,0,1,0,0,0,0,1,0,0,0,0,1],"contentsRect":{"y":0,"x":0,"width":1,"height":1},"opacity":1,"edgeAntialiasingMask":251658240,"height":62.000000476837158,"hidden":false,"anchorPoint":{"pointX":0.5,"pointY":0.5}},"layers":[{"animations":[],"layers":[],"texturedRectangle":{"singleTextureOpacity":1,"textXHeight":0.63601932010135132,"textBaseline":0.92340829565718363,"isBackgroundTexture":true,"isVerticalText":false,"textColor":[0.46666666865348816,0.46666666865348816,0.46274510025978088,1],"textureType":6},"initialState":{"affineTransform":[1,0,0,1,0,0],"masksToBounds":false,"rotation":0,"scale":1,"position":{"pointX":100.795166015625,"pointY":31},"width":98,"sublayerTransform":[1,0,0,0,0,1,0,0,0,0,1,0,0,0,0,1],"contentsRect":{"y":0,"x":0,"width":1,"height":1},"opacity":1,"edgeAntialiasingMask":0,"height":37,"hidden":false,"anchorPoint":{"pointX":4.379116759008291e-08,"pointY":0.47338454143421071}},"texture":"AD266E2E7471B53CDD627E055B4391EF"}]},{"animations":[],"initialState":{"affineTransform":[1,0,0,1,0,0],"masksToBounds":false,"rotation":0,"scale":1,"position":{"pointX":960,"pointY":384.51522827148438},"width":576.6416072845459,"sublayerTransform":[1,0,0,0,0,1,0,0,0,0,1,0,0,0,0,1],"contentsRect":{"y":0,"x":0,"width":1,"height":1},"opacity":1,"edgeAntialiasingMask":251658240,"height":70.999997854232788,"hidden":false,"anchorPoint":{"pointX":0.5,"pointY":0.5}},"layers":[{"animations":[],"layers":[],"texturedRectangle":{"singleTextureOpacity":1,"textXHeight":0.51158075747282605,"textBaseline":0.84163474647895153,"isBackgroundTexture":true,"isVerticalText":false,"textColor":[0.46666666865348816,0.46666666865348816,0.46274510025978088,1],"textureType":6},"initialState":{"affineTransform":[1,0,0,1,0,0],"masksToBounds":false,"rotation":0,"scale":1,"position":{"pointX":288.32080078125,"pointY":35.5},"width":323,"sublayerTransform":[1,0,0,0,0,1,0,0,0,0,1,0,0,0,0,1],"contentsRect":{"y":0,"x":0,"width":1,"height":1},"opacity":1,"edgeAntialiasingMask":0,"height":46,"hidden":true,"anchorPoint":{"pointX":0.59133126049218898,"pointY":0.48946150748626044}},"texture":"C24C04E44BC4878001F5776084D8C1B9"}]},{"animations":[],"initialState":{"affineTransform":[1,0,0,1,0,0],"masksToBounds":false,"rotation":0,"scale":1,"position":{"pointX":960,"pointY":384.51522827148438},"width":576.6416072845459,"sublayerTransform":[1,0,0,0,0,1,0,0,0,0,1,0,0,0,0,1],"contentsRect":{"y":0,"x":0,"width":1,"height":1},"opacity":1,"edgeAntialiasingMask":251658240,"height":70.999997854232788,"hidden":false,"anchorPoint":{"pointX":0.5,"pointY":0.5}},"layers":[{"animations":[],"layers":[],"texturedRectangle":{"singleTextureOpacity":1,"textXHeight":0.52294921875,"textBaseline":0.83811551862292821,"isBackgroundTexture":true,"isVerticalText":false,"textColor":[0.46666666865348816,0.46666666865348816,0.46274510025978088,1],"textureType":6},"initialState":{"affineTransform":[1,0,0,1,0,0],"masksToBounds":false,"rotation":0,"scale":1,"position":{"pointX":288.32080078125,"pointY":35.5},"width":128,"sublayerTransform":[1,0,0,0,0,1,0,0,0,0,1,0,0,0,0,1],"contentsRect":{"y":0,"x":0,"width":1,"height":1},"opacity":1,"edgeAntialiasingMask":0,"height":45,"hidden":true,"anchorPoint":{"pointX":-1.2109375223517418,"pointY":0.47811620765262181}},"texture":"BCD13FA219137C8063403FBD762C4FF1"}]},{"animations":[],"initialState":{"affineTransform":[1,0,0,1,0,0],"masksToBounds":false,"rotation":0,"scale":1,"position":{"pointX":960,"pointY":450.31413807912037},"width":728.90625,"sublayerTransform":[1,0,0,0,0,1,0,0,0,0,1,0,0,0,0,1],"contentsRect":{"y":0,"x":0,"width":1,"height":1},"opacity":1,"edgeAntialiasingMask":251658240,"height":46.320109654334374,"hidden":false,"anchorPoint":{"pointX":0.5,"pointY":0.5}},"layers":[{"animations":[],"layers":[],"texturedRectangle":{"isBackgroundTexture":true,"singleTextureOpacity":1,"textureType":5,"textBaseline":0,"textXHeight":0,"isVerticalText":false},"initialState":{"affineTransform":[1,0,0,1,0,0],"masksToBounds":false,"rotation":0,"scale":1,"position":{"pointX":364.45001220703125,"pointY":23.160054827167187},"width":732,"sublayerTransform":[1,0,0,0,0,1,0,0,0,0,1,0,0,0,0,1],"contentsRect":{"y":0,"x":0,"width":1,"height":1},"opacity":1,"edgeAntialiasingMask":0,"height":49,"hidden":false,"anchorPoint":{"pointX":0.49999574755058912,"pointY":0.49620689957388509}},"texture":"CDD3EACB480D600768BD33B67DF0ADC0"}]},{"animations":[],"initialState":{"affineTransform":[1,0,0,1,0,0],"masksToBounds":false,"rotation":0,"scale":1,"position":{"pointX":945.364990234375,"pointY":727.27390043658124},"width":826.03125,"sublayerTransform":[1,0,0,0,0,1,0,0,0,0,1,0,0,0,0,1],"contentsRect":{"y":0,"x":0,"width":1,"height":1},"opacity":1,"edgeAntialiasingMask":251658240,"height":531.51203427159999,"hidden":false,"anchorPoint":{"pointX":0.5,"pointY":0.5}},"layers":[{"animations":[],"layers":[],"texturedRectangle":{"isBackgroundTexture":true,"singleTextureOpacity":1,"textureType":5,"textBaseline":0,"textXHeight":0,"isVerticalText":false},"initialState":{"affineTransform":[1,0,0,1,0,0],"masksToBounds":false,"rotation":0,"scale":1,"position":{"pointX":413.00949997232237,"pointY":265.75601713579999},"width":829,"sublayerTransform":[1,0,0,0,0,1,0,0,0,0,1,0,0,0,0,1],"contentsRect":{"y":0,"x":0,"width":1,"height":1},"opacity":1,"edgeAntialiasingMask":0,"height":535,"hidden":false,"anchorPoint":{"pointX":0.49982975296344678,"pointY":0.49957738399360979}},"texture":"A5C2AAE1529A6E14D471FD3CDBD561D2"}]},{"animations":[],"initialState":{"affineTransform":[1,0,0,1,0,0],"masksToBounds":false,"rotation":0,"scale":1,"position":{"pointX":598.90685170435199,"pointY":603.9163818359375},"width":44.304670205578986,"sublayerTransform":[1,0,0,0,0,1,0,0,0,0,1,0,0,0,0,1],"contentsRect":{"y":0,"x":0,"width":1,"height":1},"opacity":1,"edgeAntialiasingMask":251658240,"height":4,"hidden":false,"anchorPoint":{"pointX":0.5,"pointY":0.5}},"layers":[{"animations":[],"layers":[],"texturedRectangle":{"singleTextureOpacity":1,"textXHeight":0,"shapePath":{"lineWidth":1,"flatness":0.59999999999999998,"lineCapStyle":0,"elements":[{"type":"MoveToPoint","points":[[1.7545166015625,3.9163818359375]]},{"type":"AddLine","points":[[46.059186807141486,3.9163818359375]]}],"windingRule":0,"lineJoinStyle":0,"miterLimit":10},"isBackgroundTexture":true,"textBaseline":0,"isVerticalText":false,"textureType":5},"initialState":{"affineTransform":[1,0,0,1,0,0],"masksToBounds":false,"rotation":0,"scale":1,"position":{"pointX":22.152336120605469,"pointY":2},"width":48,"sublayerTransform":[1,0,0,0,0,1,0,0,0,0,1,0,0,0,0,1],"contentsRect":{"y":0,"x":0,"width":1,"height":1},"opacity":1,"edgeAntialiasingMask":0,"height":7,"hidden":false,"anchorPoint":{"pointX":0.4980594317118327,"pointY":0.5594831194196429}},"texture":"0B2D89544704522EA4F0024D2923D2AD"}]},{"animations":[],"initialState":{"affineTransform":[1,0,0,1,0,0],"masksToBounds":false,"rotation":0,"scale":1,"position":{"pointX":901.36119740747699,"pointY":756.81561279296875},"width":44.304670205578986,"sublayerTransform":[1,0,0,0,0,1,0,0,0,0,1,0,0,0,0,1],"contentsRect":{"y":0,"x":0,"width":1,"height":1},"opacity":1,"edgeAntialiasingMask":251658240,"height":4,"hidden":false,"anchorPoint":{"pointX":0.5,"pointY":0.5}},"layers":[{"animations":[],"layers":[],"texturedRectangle":{"singleTextureOpacity":1,"textXHeight":0,"shapePath":{"lineWidth":1,"flatness":0.59999999999999998,"lineCapStyle":0,"elements":[{"type":"MoveToPoint","points":[[1.2088623046875,3.81561279296875]]},{"type":"AddLine","points":[[45.513532510266486,3.81561279296875]]}],"windingRule":0,"lineJoinStyle":0,"miterLimit":10},"isBackgroundTexture":true,"textBaseline":0,"isVerticalText":false,"textureType":5},"initialState":{"affineTransform":[1,0,0,1,0,0],"masksToBounds":false,"rotation":0,"scale":1,"position":{"pointX":22.152336120605469,"pointY":2},"width":47,"sublayerTransform":[1,0,0,0,0,1,0,0,0,0,1,0,0,0,0,1],"contentsRect":{"y":0,"x":0,"width":1,"height":1},"opacity":1,"edgeAntialiasingMask":0,"height":7,"hidden":false,"anchorPoint":{"pointX":0.4970467750062334,"pointY":0.5450875418526786}},"texture":"FCF55DDFB6D932E555338FF676FB85AA"}]},{"animations":[],"initialState":{"affineTransform":[1,0,0,1,0,0],"masksToBounds":false,"rotation":0,"scale":1,"position":{"pointX":798.10509389185199,"pointY":917.71197509765625},"width":44.304670205578986,"sublayerTransform":[1,0,0,0,0,1,0,0,0,0,1,0,0,0,0,1],"contentsRect":{"y":0,"x":0,"width":1,"height":1},"opacity":1,"edgeAntialiasingMask":251658240,"height":4,"hidden":false,"anchorPoint":{"pointX":0.5,"pointY":0.5}},"layers":[{"animations":[],"layers":[],"texturedRectangle":{"singleTextureOpacity":1,"textXHeight":0,"shapePath":{"lineWidth":1,"flatness":0.59999999999999998,"lineCapStyle":0,"elements":[{"type":"MoveToPoint","points":[[1.9527587890625,3.71197509765625]]},{"type":"AddLine","points":[[46.257428994641486,3.71197509765625]]}],"windingRule":0,"lineJoinStyle":0,"miterLimit":10},"isBackgroundTexture":true,"textBaseline":0,"isVerticalText":false,"textureType":5},"initialState":{"affineTransform":[1,0,0,1,0,0],"masksToBounds":false,"rotation":0,"scale":1,"position":{"pointX":22.152336120605469,"pointY":2},"width":48,"sublayerTransform":[1,0,0,0,0,1,0,0,0,0,1,0,0,0,0,1],"contentsRect":{"y":0,"x":0,"width":1,"height":1},"opacity":1,"edgeAntialiasingMask":0,"height":7,"hidden":false,"anchorPoint":{"pointX":0.50218947728474939,"pointY":0.5302821568080357}},"texture":"EE05BD7C877D38E913ED714770104FB9"}]},{"animations":[],"initialState":{"affineTransform":[1,0,0,1,0,0],"masksToBounds":false,"rotation":0,"scale":1,"position":{"pointX":960.00003051757812,"pointY":748.46661376953125},"width":868.58123779296875,"sublayerTransform":[1,0,0,0,0,1,0,0,0,0,1,0,0,0,0,1],"contentsRect":{"y":0,"x":0,"width":1,"height":1},"opacity":1,"edgeAntialiasingMask":251658240,"height":535.08160400390625,"hidden":false,"anchorPoint":{"pointX":0.5,"pointY":0.5}},"layers":[{"animations":[],"layers":[],"texturedRectangle":{"isBackgroundTexture":true,"singleTextureOpacity":1,"textureType":5,"textBaseline":0,"textXHeight":0,"isVerticalText":false},"initialState":{"affineTransform":[1,0,0,1,0,0],"masksToBounds":false,"rotation":0,"scale":1,"position":{"pointX":434.29061889648438,"pointY":267.54080200195312},"width":872,"sublayerTransform":[1,0,0,0,0,1,0,0,0,0,1,0,0,0,0,1],"contentsRect":{"y":0,"x":0,"width":1,"height":1},"opacity":1,"edgeAntialiasingMask":0,"height":539,"hidden":true,"anchorPoint":{"pointX":0.50000003499722268,"pointY":0.49993805894161641}},"texture":"AB6E21EA9D3265B663953A84BFB960B3"}]}]}}]}