{"assets":{"0B0A7B6440E0082F4BE7054819E8DB2B":{"type":"texture","index":7,"assetRequest":{"type":"slide","state":"contents","slide":"none"},"url":{"native":"assets\/988069F9-84A7-4B7A-9098-FFD53C88D383.pdf"},"width":305,"height":27},"E975577A9E3FE21C475CE481B727FE94":{"type":"texture","index":10,"assetRequest":{"type":"slide","state":"contents","slide":"none"},"url":{"native":"assets\/988069F9-84A7-4B7A-9098-FFD53C88D383.pdf"},"width":34,"height":41},"90F9BF7D872FC17FDD07DCF81E847D74":{"type":"texture","index":4,"assetRequest":{"type":"slide","state":"contents","slide":"none"},"url":{"native":"assets\/988069F9-84A7-4B7A-9098-FFD53C88D383.pdf"},"width":557,"height":69},"8E9E9D8A29B83FC73FE44344A17910D7":{"type":"texture","index":12,"assetRequest":{"type":"slide","state":"contents","slide":"none"},"url":{"native":"assets\/988069F9-84A7-4B7A-9098-FFD53C88D383.pdf"},"width":97,"height":37},"0B2D89544704522EA4F0024D2923D2AD":{"type":"texture","index":19,"assetRequest":{"type":"slide","state":"contents","slide":"none"},"url":{"native":"assets\/988069F9-84A7-4B7A-9098-FFD53C88D383.pdf"},"width":48,"height":7},"C851741A281E9E704D548B57DEE64337":{"type":"texture","index":15,"assetRequest":{"type":"slide","state":"contents","slide":"none"},"url":{"native":"assets\/988069F9-84A7-4B7A-9098-FFD53C88D383.pdf"},"width":61,"height":37},"C524AADC03F136D3EE96A24DF2364D3C":{"type":"texture","index":25,"assetRequest":{"type":"slide","state":"contents","slide":"none"},"url":{"native":"assets\/988069F9-84A7-4B7A-9098-FFD53C88D383.pdf"},"width":23,"height":28},"C25C25FF361FB24FC35F6B120D2F252D":{"type":"texture","index":0,"assetRequest":{"type":"slide","state":"contents","slide":"none"},"url":{"native":"assets\/988069F9-84A7-4B7A-9098-FFD53C88D383.pdf"},"width":1920,"height":1080},"C4E20DB39C4ABF92D2D574C8BF0DE790":{"type":"texture","index":22,"assetRequest":{"type":"slide","state":"contents","slide":"none"},"url":{"native":"assets\/988069F9-84A7-4B7A-9098-FFD53C88D383.pdf"},"width":28,"height":20},"AD266E2E7471B53CDD627E055B4391EF":{"type":"texture","index":24,"assetRequest":{"type":"slide","state":"contents","slide":"none"},"url":{"native":"assets\/988069F9-84A7-4B7A-9098-FFD53C88D383.pdf"},"width":98,"height":37},"289440CE5BA26DFFA38EC6C7DB07B516":{"type":"texture","index":9,"assetRequest":{"type":"slide","state":"contents","slide":"none"},"url":{"native":"assets\/988069F9-84A7-4B7A-9098-FFD53C88D383.pdf"},"width":912,"height":80},"FCF55DDFB6D932E555338FF676FB85AA":{"type":"texture","index":20,"assetRequest":{"type":"slide","state":"contents","slide":"none"},"url":{"native":"assets\/988069F9-84A7-4B7A-9098-FFD53C88D383.pdf"},"width":47,"height":7},"A6E833AA860844AE12191F236E634EA4":{"type":"texture","index":1,"assetRequest":{"type":"slide","state":"contents","slide":"none"},"url":{"native":"assets\/988069F9-84A7-4B7A-9098-FFD53C88D383.pdf"},"width":84,"height":62},"649E80B6E5AF2375098394864E7312C9":{"type":"texture","index":3,"assetRequest":{"type":"slide","state":"contents","slide":"none"},"url":{"native":"assets\/988069F9-84A7-4B7A-9098-FFD53C88D383.pdf"},"width":267,"height":267},"1DE7AFF6307BAACD27347093B56CB275":{"type":"texture","index":14,"assetRequest":{"type":"slide","state":"contents","slide":"none"},"url":{"native":"assets\/988069F9-84A7-4B7A-9098-FFD53C88D383.pdf"},"width":744,"height":587},"DB279119010ED2762F2E8F982BBD0863":{"type":"texture","index":2,"assetRequest":{"type":"slide","state":"contents","slide":"none"},"url":{"native":"assets\/988069F9-84A7-4B7A-9098-FFD53C88D383.pdf"},"width":1729,"height":5},"CDD3EACB480D600768BD33B67DF0ADC0":{"type":"texture","index":17,"assetRequest":{"type":"slide","state":"contents","slide":"none"},"url":{"native":"assets\/988069F9-84A7-4B7A-9098-FFD53C88D383.pdf"},"width":732,"height":49},"8E19459CF9C547B44B0632273114B4CC":{"type":"texture","index":11,"assetRequest":{"type":"slide","state":"contents","slide":"none"},"url":{"native":"assets\/988069F9-84A7-4B7A-9098-FFD53C88D383.pdf"},"width":394,"height":46},"CC652652C4CBB9763290793D4BD651D7":{"type":"texture","index":6,"assetRequest":{"type":"slide","state":"contents","slide":"none"},"url":{"native":"assets\/988069F9-84A7-4B7A-9098-FFD53C88D383.pdf"},"width":199,"height":26},"44930F6A1266AF85F9BDF001C7CFF497":{"type":"texture","index":5,"assetRequest":{"type":"slide","state":"contents","slide":"none"},"url":{"native":"assets\/988069F9-84A7-4B7A-9098-FFD53C88D383.pdf"},"width":28,"height":20},"38B0ABCB246E337E826C9255A0CCBFCF":{"type":"texture","index":13,"assetRequest":{"type":"slide","state":"contents","slide":"none"},"url":{"native":"assets\/988069F9-84A7-4B7A-9098-FFD53C88D383.pdf"},"width":24,"height":28},"07D029E88FA833BBD107AF6CB88A0851":{"type":"texture","index":23,"assetRequest":{"type":"slide","state":"contents","slide":"none"},"url":{"native":"assets\/988069F9-84A7-4B7A-9098-FFD53C88D383.pdf"},"width":35,"height":41},"74A76CAB39CC5781F928F59BED38D5C9":{"type":"texture","index":8,"assetRequest":{"type":"slide","state":"contents","slide":"none"},"url":{"native":"assets\/988069F9-84A7-4B7A-9098-FFD53C88D383.pdf"},"width":328,"height":109},"DFB518B62628747FEC63424F8E11DB78":{"type":"texture","index":16,"assetRequest":{"type":"slide","state":"contents","slide":"none"},"url":{"native":"assets\/988069F9-84A7-4B7A-9098-FFD53C88D383.pdf"},"width":8,"height":36},"A5C2AAE1529A6E14D471FD3CDBD561D2":{"type":"texture","index":18,"assetRequest":{"type":"slide","state":"contents","slide":"none"},"url":{"native":"assets\/988069F9-84A7-4B7A-9098-FFD53C88D383.pdf"},"width":829,"height":535},"EE05BD7C877D38E913ED714770104FB9":{"type":"texture","index":21,"assetRequest":{"type":"slide","state":"contents","slide":"none"},"url":{"native":"assets\/988069F9-84A7-4B7A-9098-FFD53C88D383.pdf"},"width":48,"height":7}},"events":[{"effects":[{"beginTime":0,"baseLayer":{"animations":[],"initialState":{"affineTransform":[1,0,0,1,0,0],"masksToBounds":false,"rotation":0,"scale":1,"position":{"pointX":960,"pointY":540},"width":1920,"sublayerTransform":[1,0,0,0,0,1,0,0,0,0,1,0,0,0,0,1],"contentsRect":{"y":0,"x":0,"width":1,"height":1},"opacity":1,"edgeAntialiasingMask":251658240,"height":1080,"hidden":false,"anchorPoint":{"pointX":0.5,"pointY":0.5}},"objectID":"0","layers":[{"animations":[],"initialState":{"affineTransform":[1,0,0,1,0,0],"masksToBounds":false,"rotation":0,"scale":1,"position":{"pointX":960,"pointY":540},"width":1920,"sublayerTransform":[1,0,0,0,0,1,0,0,0,0,1,-0.00035007912466775983,0,0,0,1],"contentsRect":{"y":0,"x":0,"width":1,"height":1},"opacity":1,"edgeAntialiasingMask":251658240,"height":1080,"hidden":false,"anchorPoint":{"pointX":0.5,"pointY":0.5}},"layers":[{"animations":[{"additive":false,"timeOffset":0,"beginTime":0,"repeatCount":0,"fillMode":"both","duration":2,"autoreverses":false,"animations":[{"repeatCount":0,"removedOnCompletion":true,"from":{"scalar":0},"timingFunction":"EaseInEaseOut","additive":false,"timeOffset":0,"autoreverses":false,"property":"zPosition","fillMode":"both","duration":2,"beginTime":0,"to":{"scalar":0}}],"removedOnCompletion":false}],"initialState":{"affineTransform":[1,0,0,1,0,0],"masksToBounds":false,"rotation":0,"scale":1,"position":{"pointX":960,"pointY":540},"width":1920,"sublayerTransform":[1,0,0,0,0,1,0,0,0,0,1,0,0,0,0,1],"contentsRect":{"y":0,"x":0,"width":1,"height":1},"opacity":1,"edgeAntialiasingMask":251658240,"height":1080,"hidden":false,"anchorPoint":{"pointX":0.5,"pointY":0.5}},"layers":[{"animations":[],"layers":[],"texturedRectangle":{"isBackgroundTexture":true,"singleTextureOpacity":1,"textureType":1,"textBaseline":0,"textXHeight":0,"isVerticalText":false},"initialState":{"affineTransform":[1,0,0,1,0,0],"masksToBounds":false,"rotation":0,"scale":1,"position":{"pointX":960,"pointY":540},"width":1920,"sublayerTransform":[1,0,0,0,0,1,0,0,0,0,1,0,0,0,0,1],"contentsRect":{"y":0,"x":0,"width":1,"height":1},"opacity":1,"edgeAntialiasingMask":0,"height":1080,"hidden":false,"anchorPoint":{"pointX":0.5,"pointY":0.5}},"texture":"C25C25FF361FB24FC35F6B120D2F252D"}]}]},{"animations":[{"additive":false,"timeOffset":0,"beginTime":0,"repeatCount":0,"fillMode":"both","duration":2,"autoreverses":false,"animations":[{"repeatCount":0,"removedOnCompletion":true,"from":{"scalar":0.001},"timingFunction":"EaseInEaseOut","additive":false,"timeOffset":0,"autoreverses":false,"property":"zPosition","fillMode":"both","duration":2,"beginTime":0,"to":{"scalar":0.001}}],"removedOnCompletion":false}],"initialState":{"affineTransform":[1,0,0,1,0,0],"masksToBounds":false,"rotation":0,"scale":1,"position":{"pointX":1767.7123410701752,"pointY":1050.3838073015213},"width":81.405150890350342,"sublayerTransform":[1,0,0,0,0,1,0,0,0,0,1,0,0,0,0,1],"contentsRect":{"y":0,"x":0,"width":1,"height":1},"opacity":1,"edgeAntialiasingMask":251658240,"height":59.232336282730103,"hidden":false,"anchorPoint":{"pointX":0.5,"pointY":0.5}},"layers":[{"animations":[],"layers":[],"texturedRectangle":{"singleTextureOpacity":1,"textXHeight":0,"shapePath":{"lineWidth":1,"flatness":0.59999999999999998,"lineCapStyle":0,"elements":[{"type":"MoveToPoint","points":[[1.009765625,1.76763916015625]]},{"type":"AddLine","points":[[82.414916515350342,1.76763916015625]]},{"type":"AddLine","points":[[82.414916515350342,60.999975442886353]]},{"type":"AddLine","points":[[1.009765625,60.999975442886353]]},{"type":"CloseSubpath"},{"type":"MoveToPoint","points":[[1.009765625,1.76763916015625]]}],"windingRule":0,"lineJoinStyle":0,"miterLimit":10},"isBackgroundTexture":true,"textBaseline":0,"isVerticalText":false,"textureType":5},"initialState":{"affineTransform":[1,0,0,1,0,0],"masksToBounds":false,"rotation":0,"scale":1,"position":{"pointX":40.70257568359375,"pointY":29.616168975830078},"width":84,"sublayerTransform":[1,0,0,0,0,1,0,0,0,0,1,0,0,0,0,1],"contentsRect":{"y":0,"x":0,"width":1,"height":1},"opacity":1,"edgeAntialiasingMask":0,"height":62,"hidden":false,"anchorPoint":{"pointX":0.4965754917689732,"pointY":0.50619045380623107}},"texture":"A6E833AA860844AE12191F236E634EA4"}]},{"animations":[{"additive":false,"timeOffset":0,"beginTime":0,"repeatCount":0,"fillMode":"both","duration":2,"autoreverses":false,"animations":[{"repeatCount":0,"removedOnCompletion":true,"from":{"scalar":0.002},"timingFunction":"EaseInEaseOut","additive":false,"timeOffset":0,"autoreverses":false,"property":"zPosition","fillMode":"both","duration":2,"beginTime":0,"to":{"scalar":0.002}}],"removedOnCompletion":false}],"initialState":{"affineTransform":[1,0,0,1,0,0],"masksToBounds":false,"rotation":0,"scale":1,"position":{"pointX":945.36499368689692,"pointY":195.90701293945312},"width":1726.0997688679345,"sublayerTransform":[1,0,0,0,0,1,0,0,0,0,1,0,0,0,0,1],"contentsRect":{"y":0,"x":0,"width":1,"height":1},"opacity":1,"edgeAntialiasingMask":251658240,"height":2,"hidden":false,"anchorPoint":{"pointX":0.5,"pointY":0.5}},"layers":[{"animations":[],"layers":[],"texturedRectangle":{"singleTextureOpacity":1,"textXHeight":0,"shapePath":{"lineWidth":1,"flatness":0.59999999999999998,"lineCapStyle":0,"elements":[{"type":"MoveToPoint","points":[[1.3151092529296875,2.907012939453125]]},{"type":"AddLine","points":[[1727.4148781208642,2.907012939453125]]}],"windingRule":0,"lineJoinStyle":0,"miterLimit":10},"isBackgroundTexture":true,"textBaseline":0,"isVerticalText":false,"textureType":5},"initialState":{"affineTransform":[1,0,0,1,0,0],"masksToBounds":false,"rotation":0,"scale":1,"position":{"pointX":863.0499267578125,"pointY":1},"width":1729,"sublayerTransform":[1,0,0,0,0,1,0,0,0,0,1,0,0,0,0,1],"contentsRect":{"y":0,"x":0,"width":1,"height":1},"opacity":1,"edgeAntialiasingMask":0,"height":5,"hidden":false,"anchorPoint":{"pointX":0.49992194101257503,"pointY":0.58140258789062504}},"texture":"DB279119010ED2762F2E8F982BBD0863"}]},{"animations":[{"additive":false,"timeOffset":0,"beginTime":0,"repeatCount":0,"fillMode":"both","duration":2,"autoreverses":false,"animations":[{"repeatCount":0,"removedOnCompletion":true,"from":{"scalar":1},"timingFunction":"EaseInEaseOut","additive":false,"timeOffset":0,"autoreverses":false,"property":"opacity","fillMode":"both","duration":2,"beginTime":0,"to":{"scalar":1}},{"repeatCount":0,"removedOnCompletion":true,"from":{"scalar":0.0030000000000000001},"timingFunction":"EaseInEaseOut","additive":false,"timeOffset":0,"autoreverses":false,"property":"zPosition","fillMode":"both","duration":2,"beginTime":0,"to":{"scalar":0.0030000000000000001}}],"removedOnCompletion":false}],"initialState":{"affineTransform":[1,0,0,1,0,0],"masksToBounds":false,"rotation":0,"scale":1,"position":{"pointX":1767.7123718261719,"pointY":118.35956478118896},"width":263.60980224609375,"sublayerTransform":[1,0,0,0,0,1,0,0,0,0,1,0,0,0,0,1],"contentsRect":{"y":0,"x":0,"width":1,"height":1},"opacity":0.77594292163848877,"edgeAntialiasingMask":251658240,"height":263.60980224609375,"hidden":false,"anchorPoint":{"pointX":0.5,"pointY":0.5}},"layers":[{"animations":[{"additive":false,"timeOffset":0,"beginTime":0,"repeatCount":0,"fillMode":"both","duration":2,"autoreverses":false,"animations":[{"repeatCount":0,"removedOnCompletion":true,"from":{"scalar":0.77594292163848877},"timingFunction":"EaseInEaseOut","additive":false,"timeOffset":0,"autoreverses":false,"property":"opacity","fillMode":"both","duration":2,"beginTime":0,"to":{"scalar":0.77594292163848877}}],"removedOnCompletion":false}],"layers":[],"texturedRectangle":{"isBackgroundTexture":true,"singleTextureOpacity":0.77594292163848877,"textureType":5,"textBaseline":0,"textXHeight":0,"isVerticalText":false},"initialState":{"affineTransform":[1,0,0,1,0,0],"masksToBounds":false,"rotation":0,"scale":1,"position":{"pointX":131.80490112304688,"pointY":131.80490112304688},"width":267,"sublayerTransform":[1,0,0,0,0,1,0,0,0,0,1,0,0,0,0,1],"contentsRect":{"y":0,"x":0,"width":1,"height":1},"opacity":1,"edgeAntialiasingMask":0,"height":267,"hidden":false,"anchorPoint":{"pointX":0.50079540009802204,"pointY":0.49947402539771146}},"texture":"649E80B6E5AF2375098394864E7312C9"}]},{"animations":[{"additive":false,"timeOffset":0,"beginTime":0,"repeatCount":0,"fillMode":"both","duration":2,"autoreverses":false,"animations":[{"repeatCount":0,"removedOnCompletion":true,"from":{"scalar":0.0040000000000000001},"timingFunction":"EaseInEaseOut","additive":false,"timeOffset":0,"autoreverses":false,"property":"zPosition","fillMode":"both","duration":2,"beginTime":0,"to":{"scalar":0.0040000000000000001}}],"removedOnCompletion":false}],"initialState":{"affineTransform":[1,0,0,1,0,0],"masksToBounds":false,"rotation":0,"scale":1,"position":{"pointX":487.32841554819606,"pointY":92.805076599121094},"width":826.02661259053275,"sublayerTransform":[1,0,0,0,0,1,0,0,0,0,1,0,0,0,0,1],"contentsRect":{"y":0,"x":0,"width":1,"height":1},"opacity":1,"edgeAntialiasingMask":251658240,"height":106.00000154972076,"hidden":false,"anchorPoint":{"pointX":0.5,"pointY":0.5}},"layers":[{"animations":[{"additive":false,"timeOffset":0,"beginTime":0,"repeatCount":0,"fillMode":"both","duration":2,"autoreverses":false,"animations":[{"repeatCount":0,"removedOnCompletion":true,"from":{"texture":"90F9BF7D872FC17FDD07DCF81E847D74"},"timingFunction":"EaseInEaseOut","additive":false,"timeOffset":0,"autoreverses":false,"property":"contents","fillMode":"both","duration":2,"beginTime":0,"to":{"texture":"90F9BF7D872FC17FDD07DCF81E847D74"}}],"removedOnCompletion":false}],"layers":[],"texturedRectangle":{"singleTextureOpacity":1,"textXHeight":0.60869565217391319,"textBaseline":0.86963808104611828,"isBackgroundTexture":true,"isVerticalText":false,"textColor":[0.46666666865348816,0.46666666865348816,0.46274510025978088,1],"textureType":6},"initialState":{"affineTransform":[1,0,0,1,0,0],"masksToBounds":false,"rotation":0,"scale":1,"position":{"pointX":413.0133056640625,"pointY":53},"width":557,"sublayerTransform":[1,0,0,0,0,1,0,0,0,0,1,0,0,0,0,1],"contentsRect":{"y":0,"x":0,"width":1,"height":1},"opacity":1,"edgeAntialiasingMask":0,"height":69,"hidden":false,"anchorPoint":{"pointX":0.73128979338777766,"pointY":0.50442138875740161}},"texture":"90F9BF7D872FC17FDD07DCF81E847D74"}]},{"animations":[{"additive":false,"timeOffset":0,"beginTime":0,"repeatCount":0,"fillMode":"both","duration":2,"autoreverses":false,"animations":[{"repeatCount":0,"removedOnCompletion":true,"from":{"scalar":0.0050000000000000001},"timingFunction":"EaseInEaseOut","additive":false,"timeOffset":0,"autoreverses":false,"property":"zPosition","fillMode":"both","duration":2,"beginTime":0,"to":{"scalar":0.0050000000000000001}}],"removedOnCompletion":false}],"initialState":{"affineTransform":[1,0,0,1,0,0],"masksToBounds":false,"rotation":0,"scale":1,"position":{"pointX":1767.7123613357544,"pointY":1050.3837890625},"width":58.540201187133789,"sublayerTransform":[1,0,0,0,0,1,0,0,0,0,1,0,0,0,0,1],"contentsRect":{"y":0,"x":0,"width":1,"height":1},"opacity":1,"edgeAntialiasingMask":251658240,"height":34.3819260597229,"hidden":false,"anchorPoint":{"pointX":0.5,"pointY":0.5}},"layers":[{"animations":[{"additive":false,"timeOffset":0,"beginTime":0,"repeatCount":0,"fillMode":"both","duration":2,"autoreverses":false,"animations":[{"repeatCount":0,"removedOnCompletion":true,"from":{"texture":"44930F6A1266AF85F9BDF001C7CFF497"},"timingFunction":"EaseInEaseOut","additive":false,"timeOffset":0,"autoreverses":false,"property":"contents","fillMode":"both","duration":2,"beginTime":0,"to":{"texture":"C4E20DB39C4ABF92D2D574C8BF0DE790"}}],"removedOnCompletion":false}],"layers":[],"texturedRectangle":{"singleTextureOpacity":1,"textXHeight":0.55000000000000004,"textBaseline":0.87513660192489628,"isBackgroundTexture":true,"isVerticalText":false,"textColor":[0.99991005659103394,1,0.99987798929214478,1],"textureType":6},"initialState":{"affineTransform":[1,0,0,1,0,0],"masksToBounds":false,"rotation":0,"scale":1,"position":{"pointX":29.270101547241211,"pointY":17.190963745117188},"width":28,"sublayerTransform":[1,0,0,0,0,1,0,0,0,0,1,0,0,0,0,1],"contentsRect":{"y":0,"x":0,"width":1,"height":1},"opacity":1,"edgeAntialiasingMask":0,"height":20,"hidden":false,"anchorPoint":{"pointX":0.52544151033673969,"pointY":0.51918948888778682}},"texture":"44930F6A1266AF85F9BDF001C7CFF497"}]},{"animations":[{"additive":false,"timeOffset":0,"beginTime":0,"repeatCount":0,"fillMode":"both","duration":2,"autoreverses":false,"animations":[{"repeatCount":0,"removedOnCompletion":true,"from":{"scalar":0.0060000000000000001},"timingFunction":"EaseInEaseOut","additive":false,"timeOffset":0,"autoreverses":false,"property":"zPosition","fillMode":"both","duration":2,"beginTime":0,"to":{"scalar":0.0060000000000000001}}],"removedOnCompletion":false}],"initialState":{"affineTransform":[1,0,0,1,0,0],"masksToBounds":false,"rotation":0,"scale":1,"position":{"pointX":381.16624013171531,"pointY":157.87704467773438},"width":597.70226175757125,"sublayerTransform":[1,0,0,0,0,1,0,0,0,0,1,0,0,0,0,1],"contentsRect":{"y":0,"x":0,"width":1,"height":1},"opacity":1,"edgeAntialiasingMask":251658240,"height":37.143922090530396,"hidden":false,"anchorPoint":{"pointX":0.5,"pointY":0.5}},"layers":[{"animations":[{"additive":false,"timeOffset":0,"beginTime":0,"repeatCount":0,"fillMode":"both","duration":2,"autoreverses":false,"animations":[{"repeatCount":0,"removedOnCompletion":true,"from":{"texture":"CC652652C4CBB9763290793D4BD651D7"},"timingFunction":"EaseInEaseOut","additive":false,"timeOffset":0,"autoreverses":false,"property":"contents","fillMode":"both","duration":2,"beginTime":0,"to":{"texture":"CC652652C4CBB9763290793D4BD651D7"}}],"removedOnCompletion":false}],"layers":[],"texturedRectangle":{"singleTextureOpacity":1,"textXHeight":0.46153846153846156,"textBaseline":0.7240377343617953,"isBackgroundTexture":true,"isVerticalText":false,"textColor":[0.46666666865348816,0.46666666865348816,0.46274510025978088,1],"textureType":6},"initialState":{"affineTransform":[1,0,0,1,0,0],"masksToBounds":false,"rotation":0,"scale":1,"position":{"pointX":298.85113525390625,"pointY":18.57196044921875},"width":199,"sublayerTransform":[1,0,0,0,0,1,0,0,0,0,1,0,0,0,0,1],"contentsRect":{"y":0,"x":0,"width":1,"height":1},"opacity":1,"edgeAntialiasingMask":0,"height":26,"hidden":false,"anchorPoint":{"pointX":1.4782223342052057,"pointY":0.41834784929568952}},"texture":"CC652652C4CBB9763290793D4BD651D7"}]},{"animations":[{"additive":false,"timeOffset":0,"beginTime":0,"repeatCount":0,"fillMode":"both","duration":2,"autoreverses":false,"animations":[{"repeatCount":0,"removedOnCompletion":true,"from":{"scalar":0.0070000000000000001},"timingFunction":"EaseInEaseOut","additive":false,"timeOffset":0,"autoreverses":false,"property":"zPosition","fillMode":"both","duration":2,"beginTime":0,"to":{"scalar":0.0070000000000000001}}],"removedOnCompletion":false}],"initialState":{"affineTransform":[1,0,0,1,0,0],"masksToBounds":false,"rotation":0,"scale":1,"position":{"pointX":381.16623913752846,"pointY":1050.3837890625},"width":728.90000223135576,"sublayerTransform":[1,0,0,0,0,1,0,0,0,0,1,0,0,0,0,1],"contentsRect":{"y":0,"x":0,"width":1,"height":1},"opacity":1,"edgeAntialiasingMask":251658240,"height":38.000000506639481,"hidden":false,"anchorPoint":{"pointX":0.5,"pointY":0.5}},"layers":[{"animations":[{"additive":false,"timeOffset":0,"beginTime":0,"repeatCount":0,"fillMode":"both","duration":2,"autoreverses":false,"animations":[{"repeatCount":0,"removedOnCompletion":true,"from":{"texture":"0B0A7B6440E0082F4BE7054819E8DB2B"},"timingFunction":"EaseInEaseOut","additive":false,"timeOffset":0,"autoreverses":false,"property":"contents","fillMode":"both","duration":2,"beginTime":0,"to":{"texture":"0B0A7B6440E0082F4BE7054819E8DB2B"}}],"removedOnCompletion":false}],"layers":[],"texturedRectangle":{"singleTextureOpacity":1,"textXHeight":0.48888888888888887,"textBaseline":0.73717680187137036,"isBackgroundTexture":true,"isVerticalText":false,"textColor":[0.46666666865348816,0.46666666865348816,0.46274510025978088,1],"textureType":6},"initialState":{"affineTransform":[1,0,0,1,0,0],"masksToBounds":false,"rotation":0,"scale":1,"position":{"pointX":364.45001220703125,"pointY":19},"width":305,"sublayerTransform":[1,0,0,0,0,1,0,0,0,0,1,0,0,0,0,1],"contentsRect":{"y":0,"x":0,"width":1,"height":1},"opacity":1,"edgeAntialiasingMask":0,"height":27,"hidden":false,"anchorPoint":{"pointX":1.1841516400946945,"pointY":0.45865884478445407}},"texture":"0B0A7B6440E0082F4BE7054819E8DB2B"}]},{"animations":[{"additive":false,"timeOffset":0,"beginTime":0,"repeatCount":0,"fillMode":"both","duration":2,"autoreverses":false,"animations":[{"repeatCount":0,"removedOnCompletion":true,"from":{"scalar":1},"timingFunction":"EaseInEaseOut","additive":false,"timeOffset":0,"autoreverses":false,"property":"opacity","fillMode":"both","duration":2,"beginTime":0,"to":{"scalar":1}},{"repeatCount":0,"removedOnCompletion":true,"from":{"scalar":0.0080000000000000002},"timingFunction":"EaseInEaseOut","additive":false,"timeOffset":0,"autoreverses":false,"property":"zPosition","fillMode":"both","duration":2,"beginTime":0,"to":{"scalar":0.0080000000000000002}}],"removedOnCompletion":false}],"initialState":{"affineTransform":[1,0,0,1,0,0],"masksToBounds":false,"rotation":0,"scale":1,"position":{"pointX":960.00003051757812,"pointY":256.77304077148438},"width":324.42425537109375,"sublayerTransform":[1,0,0,0,0,1,0,0,0,0,1,0,0,0,0,1],"contentsRect":{"y":0,"x":0,"width":1,"height":1},"opacity":0.80002689361572266,"edgeAntialiasingMask":251658240,"height":106,"hidden":false,"anchorPoint":{"pointX":0.5,"pointY":0.5}},"layers":[{"animations":[{"additive":false,"timeOffset":0,"beginTime":0,"repeatCount":0,"fillMode":"both","duration":2,"autoreverses":false,"animations":[{"repeatCount":0,"removedOnCompletion":true,"from":{"scalar":0.80002689361572266},"timingFunction":"EaseInEaseOut","additive":false,"timeOffset":0,"autoreverses":false,"property":"opacity","fillMode":"both","duration":2,"beginTime":0,"to":{"scalar":0.80002689361572266}}],"removedOnCompletion":false}],"layers":[],"texturedRectangle":{"isBackgroundTexture":true,"singleTextureOpacity":0.80002689361572266,"textureType":5,"textBaseline":0,"textXHeight":0,"isVerticalText":false},"initialState":{"affineTransform":[1,0,0,1,0,0],"masksToBounds":false,"rotation":0,"scale":1,"position":{"pointX":162.21212768554688,"pointY":53},"width":328,"sublayerTransform":[1,0,0,0,0,1,0,0,0,0,1,0,0,0,0,1],"contentsRect":{"y":0,"x":0,"width":1,"height":1},"opacity":1,"edgeAntialiasingMask":0,"height":109,"hidden":false,"anchorPoint":{"pointX":0.5000000930413967,"pointY":0.50250496120627863}},"texture":"74A76CAB39CC5781F928F59BED38D5C9"}]},{"animations":[{"additive":false,"timeOffset":0,"beginTime":0,"repeatCount":0,"fillMode":"both","duration":2,"autoreverses":false,"animations":[{"repeatCount":0,"removedOnCompletion":true,"from":{"scalar":0.0090000000000000011},"timingFunction":"EaseInEaseOut","additive":false,"timeOffset":0,"autoreverses":false,"property":"zPosition","fillMode":"both","duration":2,"beginTime":0,"to":{"scalar":0.0090000000000000011}}],"removedOnCompletion":false}],"initialState":{"affineTransform":[1,0,0,1,0,0],"masksToBounds":false,"rotation":0,"scale":1,"position":{"pointX":960,"pointY":384.51522827148438},"width":909.8194580078125,"sublayerTransform":[1,0,0,0,0,1,0,0,0,0,1,0,0,0,0,1],"contentsRect":{"y":0,"x":0,"width":1,"height":1},"opacity":1,"edgeAntialiasingMask":251658240,"height":77,"hidden":false,"anchorPoint":{"pointX":0.5,"pointY":0.5}},"layers":[{"animations":[{"additive":false,"timeOffset":0,"beginTime":0,"repeatCount":0,"fillMode":"both","duration":2,"autoreverses":false,"animations":[{"repeatCount":0,"removedOnCompletion":true,"from":{"texture":"289440CE5BA26DFFA38EC6C7DB07B516"},"timingFunction":"EaseInEaseOut","additive":false,"timeOffset":0,"autoreverses":false,"property":"contents","fillMode":"both","duration":2,"beginTime":0,"to":{"texture":"289440CE5BA26DFFA38EC6C7DB07B516"}}],"removedOnCompletion":false}],"layers":[],"texturedRectangle":{"singleTextureOpacity":1,"textXHeight":0,"shapePath":{"lineWidth":1,"flatness":0.59999999999999998,"lineCapStyle":0,"elements":[{"type":"MoveToPoint","points":[[26.020245996093763,3.015228271484375]]},{"type":"AddLine","points":[[885.97975400390624,3.015228271484375]]},{"type":"AddCurve","points":[[892.70853805767388,3.015228271484375],[896.74580848993446,3.015228271484375],[899.43732211144152,4.1388990891896356]]},{"type":"AddCurve","points":[[903.31737160452008,5.5511216121499274],[906.3738356632407,8.6075856708706056],[907.78605818620099,12.487635163949278]]},{"type":"AddCurve","points":[[908.90972900390625,15.179148785456277],[908.90972900390625,19.216419217716805],[908.90972900390625,25.945203271484388]]},{"type":"AddLine","points":[[908.90972900390625,53.085253271484362]]},{"type":"AddCurve","points":[[908.90972900390625,59.814037325251945],[908.90972900390625,63.851307757512473],[907.78605818620099,66.542821379019472]]},{"type":"AddCurve","points":[[906.3738356632407,70.422870872098201],[903.31737160452008,73.479334930818823],[899.43732211144152,74.891557453779114]]},{"type":"AddCurve","points":[[896.74580848993446,76.015228271484375],[892.70853805767388,76.015228271484375],[885.97975400390624,76.015228271484375]]},{"type":"AddLine","points":[[26.020245996093763,76.015228271484375]]},{"type":"AddCurve","points":[[19.291461942326237,76.015228271484375],[15.254191510065652,76.015228271484375],[12.562677888558596,74.891557453779114]]},{"type":"AddCurve","points":[[8.6826283954799237,73.479334930818823],[5.6261643367593024,70.422870872098201],[4.2139418137990106,66.542821379019472]]},{"type":"AddCurve","points":[[3.09027099609375,63.851307757512473],[3.09027099609375,59.814037325251945],[3.09027099609375,53.085253271484362]]},{"type":"AddLine","points":[[3.09027099609375,25.945203271484388]]},{"type":"AddCurve","points":[[3.09027099609375,19.216419217716805],[3.09027099609375,15.179148785456277],[4.2139418137990106,12.487635163949278]]},{"type":"AddCurve","points":[[5.6261643367593024,8.6075856708706056],[8.6826283954799237,5.5511216121499274],[12.562677888558596,4.1388990891896356]]},{"type":"AddCurve","points":[[15.254191510065652,3.015228271484375],[19.291461942326237,3.015228271484375],[26.020245996093763,3.015228271484375]]},{"type":"CloseSubpath"},{"type":"MoveToPoint","points":[[26.020245996093763,3.015228271484375]]}],"windingRule":0,"lineJoinStyle":0,"miterLimit":10},"isBackgroundTexture":true,"textBaseline":0,"isVerticalText":false,"textureType":5},"initialState":{"affineTransform":[1,0,0,1,0,0],"masksToBounds":false,"rotation":0,"scale":1,"position":{"pointX":454.90972900390625,"pointY":38.5},"width":912,"sublayerTransform":[1,0,0,0,0,1,0,0,0,0,1,0,0,0,0,1],"contentsRect":{"y":0,"x":0,"width":1,"height":1},"opacity":1,"edgeAntialiasingMask":0,"height":80,"hidden":false,"anchorPoint":{"pointX":0.5,"pointY":0.49394035339355469}},"texture":"289440CE5BA26DFFA38EC6C7DB07B516"}]},{"animations":[{"additive":false,"timeOffset":0,"beginTime":0,"repeatCount":0,"fillMode":"both","duration":2,"autoreverses":false,"animations":[{"repeatCount":0,"removedOnCompletion":true,"from":{"scalar":0.01},"timingFunction":"EaseInEaseOut","additive":false,"timeOffset":0,"autoreverses":false,"property":"zPosition","fillMode":"both","duration":2,"beginTime":0,"to":{"scalar":0.01}}],"removedOnCompletion":false}],"initialState":{"affineTransform":[1,0,0,1,0,0],"masksToBounds":false,"rotation":0,"scale":1,"position":{"pointX":1370.9162259601958,"pointY":384.51522840191433},"width":31.691338573293478,"sublayerTransform":[1,0,0,0,0,1,0,0,0,0,1,0,0,0,0,1],"contentsRect":{"y":0,"x":0,"width":1,"height":1},"opacity":1,"edgeAntialiasingMask":251658240,"height":37.143921068552231,"hidden":false,"anchorPoint":{"pointX":0.5,"pointY":0.5}},"layers":[{"animations":[{"additive":false,"timeOffset":0,"beginTime":0,"repeatCount":0,"fillMode":"both","duration":2,"autoreverses":false,"animations":[{"repeatCount":0,"removedOnCompletion":true,"from":{"scalar":1},"timingFunction":"EaseInEaseOut","additive":false,"timeOffset":0,"autoreverses":false,"property":"transform.scale.x","fillMode":"both","duration":2,"beginTime":0,"to":{"scalar":1.0294117647058822}},{"repeatCount":0,"removedOnCompletion":true,"from":{"scalar":1},"timingFunction":"EaseInEaseOut","additive":false,"timeOffset":0,"autoreverses":false,"property":"transform.scale.y","fillMode":"both","duration":2,"beginTime":0,"to":{"scalar":1}},{"repeatCount":0,"removedOnCompletion":true,"from":{"texture":"E975577A9E3FE21C475CE481B727FE94"},"timingFunction":"EaseInEaseOut","additive":false,"timeOffset":0,"autoreverses":false,"property":"contents","fillMode":"both","duration":1.3333999999999999,"beginTime":0,"to":{"texture":"07D029E88FA833BBD107AF6CB88A0851"}},{"repeatCount":0,"removedOnCompletion":true,"from":{"pointX":0,"pointY":0},"timingFunction":"EaseInEaseOut","additive":false,"timeOffset":0,"autoreverses":false,"property":"transform.translation","fillMode":"both","duration":2,"beginTime":0,"to":{"pointX":2.4975360421574351,"pointY":0}}],"removedOnCompletion":false}],"layers":[],"texturedRectangle":{"singleTextureOpacity":1,"textXHeight":0,"shapePath":{"lineWidth":1,"flatness":0.59999999999999998,"lineCapStyle":0,"elements":[{"type":"MoveToPoint","points":[[13.386923312817771,1.9510129680390378]]},{"type":"AddCurve","points":[[10.924816122521179,2.0365200038216926],[8.4637078770847438,2.8297891605708969],[6.3266020835405925,4.3857064070394927]]},{"type":"AddCurve","points":[[0.62727149363990975,8.5347256050937403],[-0.63444917736501338,16.547283649066003],[3.5146613921729113,22.246895576216502]]},{"type":"AddCurve","points":[[7.0780084074365277,27.141773174873379],[13.658313251792833,28.868771581835063],[19.161703109883774,26.353082891408576]]},{"type":"AddLine","points":[[19.550557628882189,26.176067042485101]]},{"type":"AddLine","points":[[19.774003882336501,26.53880443782009]]},{"type":"AddCurve","points":[[19.79322613194563,26.569727800772398],[19.807272288541299,26.592257193685782],[19.823336172060181,26.614253816049768]]},{"type":"AddLine","points":[[28.546445754964907,38.596195458755119]]},{"type":"AddCurve","points":[[28.733187515283817,38.85295685693427],[29.010316073668946,39.022233363461964],[29.327056692357246,39.072106921434624]]},{"type":"AddCurve","points":[[29.644083533544517,39.121971977749581],[29.961549627081695,39.047384100833824],[30.217939806778986,38.860268282558991]]},{"type":"AddLine","points":[[32.269582679404948,37.365790213778837]]},{"type":"AddCurve","points":[[32.802696171771004,36.977817064494957],[32.92172222305112,36.227593948251069],[32.533655524396409,35.694296296075208]]},{"type":"AddLine","points":[[23.810545941491682,23.712354653369857]]},{"type":"AddCurve","points":[[23.773679916846959,23.661560082479355],[23.731571202864643,23.615964275274337],[23.688666166880239,23.573063493561222]]},{"type":"AddLine","points":[[23.37816293156061,23.259658383991791]]},{"type":"AddLine","points":[[23.659647172925133,22.920136181958242]]},{"type":"AddCurve","points":[[27.425802488794716,18.411653258138358],[27.641540571979704,11.946177998456051],[24.184890963512544,7.1976465185584857]]},{"type":"AddCurve","points":[[21.591637190964548,3.6355073788257641],[17.490434352017019,1.8085013044639027],[13.386923312817771,1.9510129680390378]]},{"type":"CloseSubpath"},{"type":"MoveToPoint","points":[[13.424648004959408,4.6178583400538855]]},{"type":"AddCurve","points":[[14.084947723712503,4.5919544975038207],[14.753182323624969,4.6316483830841548],[15.42115478907067,4.7368362057237619]]},{"type":"AddCurve","points":[[18.092387189271676,5.1573095983460462],[20.438135015135231,6.5897347760222829],[22.025877813252691,8.7704758647309973]]},{"type":"AddCurve","points":[[25.307393258982984,13.279052306785616],[24.311132088875638,19.617841531147178],[19.803022876291607,22.899822887819482]]},{"type":"AddCurve","points":[[18.010344768910727,24.204981792036733],[15.927132404814074,24.832490564050204],[13.862834813681502,24.832487730164303]]},{"type":"AddCurve","points":[[10.736026171002777,24.832487730164303],[7.6505908488561545,23.3898740242023],[5.6736747195507178,20.674066230043991]]},{"type":"AddCurve","points":[[2.391695933438541,16.165768925750626],[3.3880461938408644,9.8296903132534226],[7.8965296565118024,6.5476211061181857]]},{"type":"AddCurve","points":[[9.5318080605477462,5.3570996170776084],[11.443747431757402,4.69556986770408],[13.424648004959408,4.6178583400538855]]},{"type":"CloseSubpath"},{"type":"MoveToPoint","points":[[13.424648004959408,4.6178583400538855]]}],"windingRule":0,"lineJoinStyle":0,"miterLimit":10},"isBackgroundTexture":true,"textBaseline":0,"isVerticalText":false,"textureType":5},"initialState":{"affineTransform":[1,0,0,1,0,0],"masksToBounds":false,"rotation":0,"scale":1,"position":{"pointX":15.845668759800446,"pointY":18.571960403846163},"width":34,"sublayerTransform":[1,0,0,0,0,1,0,0,0,0,1,0,0,0,0,1],"contentsRect":{"y":0,"x":0,"width":1,"height":1},"opacity":1,"edgeAntialiasingMask":0,"height":41,"hidden":false,"anchorPoint":{"pointX":0.49753604215734143,"pointY":0.50037142125571643}},"texture":"E975577A9E3FE21C475CE481B727FE94"}]},{"animations":[{"additive":false,"timeOffset":0,"beginTime":0,"repeatCount":0,"fillMode":"both","duration":2,"autoreverses":false,"animations":[{"repeatCount":0,"removedOnCompletion":true,"from":{"scalar":0.010999999999999999},"timingFunction":"EaseInEaseOut","additive":false,"timeOffset":0,"autoreverses":false,"property":"zPosition","fillMode":"both","duration":2,"beginTime":0,"to":{"scalar":0.010999999999999999}}],"removedOnCompletion":false}],"initialState":{"affineTransform":[1,0,0,1,0,0],"masksToBounds":false,"rotation":0,"scale":1,"position":{"pointX":960,"pointY":384.51522827148438},"width":521.6001033782959,"sublayerTransform":[1,0,0,0,0,1,0,0,0,0,1,0,0,0,0,1],"contentsRect":{"y":0,"x":0,"width":1,"height":1},"opacity":1,"edgeAntialiasingMask":251658240,"height":70.999997854232788,"hidden":false,"anchorPoint":{"pointX":0.5,"pointY":0.5}},"layers":[{"animations":[{"additive":false,"timeOffset":0,"beginTime":0,"repeatCount":0,"fillMode":"both","duration":2,"autoreverses":false,"animations":[{"repeatCount":0,"removedOnCompletion":true,"from":{"scalar":1},"timingFunction":"EaseInEaseOut","additive":false,"timeOffset":0,"autoreverses":false,"property":"opacity","fillMode":"forwards","duration":0.66659999999999997,"beginTime":0,"to":{"scalar":0}},{"additive":false,"timeOffset":0,"beginTime":0.66659999999999997,"from":{"scalar":true},"repeatCount":0,"fillMode":"forwards","duration":1.3334000000000001,"autoreverses":false,"property":"hidden","to":{"scalar":true},"removedOnCompletion":true}],"removedOnCompletion":false}],"layers":[],"texturedRectangle":{"singleTextureOpacity":1,"textXHeight":0.51158075747282605,"textBaseline":0.84163474647895153,"isBackgroundTexture":true,"isVerticalText":false,"textColor":[0.46666666865348816,0.46666666865348816,0.46274510025978088,1],"textureType":6},"initialState":{"affineTransform":[1,0,0,1,0,0],"masksToBounds":false,"rotation":0,"scale":1,"position":{"pointX":260.800048828125,"pointY":35.5},"width":394,"sublayerTransform":[1,0,0,0,0,1,0,0,0,0,1,0,0,0,0,1],"contentsRect":{"y":0,"x":0,"width":1,"height":1},"opacity":1,"edgeAntialiasingMask":0,"height":46,"hidden":false,"anchorPoint":{"pointX":0.41370557649486561,"pointY":0.48946150748626044}},"texture":"8E19459CF9C547B44B0632273114B4CC"}]},{"animations":[{"additive":false,"timeOffset":0,"beginTime":0,"repeatCount":0,"fillMode":"both","duration":2,"autoreverses":false,"animations":[{"repeatCount":0,"removedOnCompletion":true,"from":{"scalar":0.012},"timingFunction":"EaseInEaseOut","additive":false,"timeOffset":0,"autoreverses":false,"property":"zPosition","fillMode":"both","duration":2,"beginTime":0,"to":{"scalar":0.012}}],"removedOnCompletion":false}],"initialState":{"affineTransform":[1,0,0,1,0,0],"masksToBounds":false,"rotation":0,"scale":1,"position":{"pointX":960,"pointY":384.51522827148438},"width":521.6001033782959,"sublayerTransform":[1,0,0,0,0,1,0,0,0,0,1,0,0,0,0,1],"contentsRect":{"y":0,"x":0,"width":1,"height":1},"opacity":1,"edgeAntialiasingMask":251658240,"height":70.999997854232788,"hidden":false,"anchorPoint":{"pointX":0.5,"pointY":0.5}},"layers":[{"animations":[{"additive":false,"timeOffset":0,"beginTime":0,"repeatCount":0,"fillMode":"both","duration":2,"autoreverses":false,"animations":[{"repeatCount":0,"removedOnCompletion":true,"from":{"scalar":1},"timingFunction":"EaseInEaseOut","additive":false,"timeOffset":0,"autoreverses":false,"property":"transform.scale.x","fillMode":"both","duration":2,"beginTime":0,"to":{"scalar":1.0103092783505154}},{"repeatCount":0,"removedOnCompletion":true,"from":{"scalar":1},"timingFunction":"EaseInEaseOut","additive":false,"timeOffset":0,"autoreverses":false,"property":"transform.scale.y","fillMode":"both","duration":2,"beginTime":0,"to":{"scalar":1}},{"repeatCount":0,"removedOnCompletion":true,"from":{"texture":"8E9E9D8A29B83FC73FE44344A17910D7"},"timingFunction":"EaseInEaseOut","additive":false,"timeOffset":0,"autoreverses":false,"property":"contents","fillMode":"both","duration":2,"beginTime":0,"to":{"texture":"AD266E2E7471B53CDD627E055B4391EF"}},{"repeatCount":0,"removedOnCompletion":true,"from":{"pointX":0,"pointY":0},"timingFunction":"EaseInEaseOut","additive":false,"timeOffset":0,"autoreverses":false,"property":"transform.translation","fillMode":"both","duration":2,"beginTime":0,"to":{"pointX":259.64948450658744,"pointY":0}}],"removedOnCompletion":false}],"layers":[],"texturedRectangle":{"singleTextureOpacity":1,"textXHeight":0.63601932010135132,"textBaseline":0.9112215767035613,"isBackgroundTexture":true,"isVerticalText":false,"textColor":[0.46666666865348816,0.46666666865348816,0.46274510025978088,1],"textureType":6},"initialState":{"affineTransform":[1,0,0,1,0,0],"masksToBounds":false,"rotation":0,"scale":1,"position":{"pointX":260.800048828125,"pointY":35.5},"width":97,"sublayerTransform":[1,0,0,0,0,1,0,0,0,0,1,0,0,0,0,1],"contentsRect":{"y":0,"x":0,"width":1,"height":1},"opacity":1,"edgeAntialiasingMask":0,"height":37,"hidden":false,"anchorPoint":{"pointX":2.6494845065873922,"pointY":0.47338457687481028}},"texture":"8E9E9D8A29B83FC73FE44344A17910D7"}]},{"animations":[{"additive":false,"timeOffset":0,"beginTime":0,"repeatCount":0,"fillMode":"both","duration":2,"autoreverses":false,"animations":[{"repeatCount":0,"removedOnCompletion":true,"from":{"scalar":0.013000000000000001},"timingFunction":"EaseInEaseOut","additive":false,"timeOffset":0,"autoreverses":false,"property":"zPosition","fillMode":"both","duration":2,"beginTime":0,"to":{"scalar":0.013000000000000001}}],"removedOnCompletion":false}],"initialState":{"affineTransform":[1,0,0,1,0,0],"masksToBounds":false,"rotation":0,"scale":1,"position":{"pointX":960,"pointY":384.51522827148438},"width":521.6001033782959,"sublayerTransform":[1,0,0,0,0,1,0,0,0,0,1,0,0,0,0,1],"contentsRect":{"y":0,"x":0,"width":1,"height":1},"opacity":1,"edgeAntialiasingMask":251658240,"height":70.999997854232788,"hidden":false,"anchorPoint":{"pointX":0.5,"pointY":0.5}},"layers":[{"animations":[{"additive":false,"timeOffset":0,"beginTime":0,"repeatCount":0,"fillMode":"both","duration":2,"autoreverses":false,"animations":[{"repeatCount":0,"removedOnCompletion":true,"from":{"scalar":1},"timingFunction":"EaseInEaseOut","additive":false,"timeOffset":0,"autoreverses":false,"property":"transform.scale.x","fillMode":"both","duration":2,"beginTime":0,"to":{"scalar":0.95833333333333337}},{"repeatCount":0,"removedOnCompletion":true,"from":{"scalar":1},"timingFunction":"EaseInEaseOut","additive":false,"timeOffset":0,"autoreverses":false,"property":"transform.scale.y","fillMode":"both","duration":2,"beginTime":0,"to":{"scalar":1}},{"repeatCount":0,"removedOnCompletion":true,"from":{"texture":"38B0ABCB246E337E826C9255A0CCBFCF"},"timingFunction":"EaseInEaseOut","additive":false,"timeOffset":0,"autoreverses":false,"property":"contents","fillMode":"both","duration":2,"beginTime":0,"to":{"texture":"C524AADC03F136D3EE96A24DF2364D3C"}},{"repeatCount":0,"removedOnCompletion":true,"from":{"pointX":0,"pointY":0},"timingFunction":"EaseInEaseOut","additive":false,"timeOffset":0,"autoreverses":false,"property":"transform.translation","fillMode":"both","duration":2,"beginTime":0,"to":{"pointX":-307.33333321412397,"pointY":0}}],"removedOnCompletion":false}],"layers":[],"texturedRectangle":{"singleTextureOpacity":1,"textXHeight":0.8404541015625,"textBaseline":0.91839994064399177,"isBackgroundTexture":true,"isVerticalText":false,"textColor":[0.46666666865348816,0.46666666865348816,0.46274510025978088,1],"textureType":6},"initialState":{"affineTransform":[1,0,0,1,0,0],"masksToBounds":false,"rotation":0,"scale":1,"position":{"pointX":260.800048828125,"pointY":35.5},"width":24,"sublayerTransform":[1,0,0,0,0,1,0,0,0,0,1,0,0,0,0,1],"contentsRect":{"y":0,"x":0,"width":1,"height":1},"opacity":1,"edgeAntialiasingMask":0,"height":28,"hidden":false,"anchorPoint":{"pointX":-9.6666667858759556,"pointY":0.33982961944171358}},"texture":"38B0ABCB246E337E826C9255A0CCBFCF"}]},{"animations":[{"additive":false,"timeOffset":0,"beginTime":0,"repeatCount":0,"fillMode":"both","duration":2,"autoreverses":false,"animations":[{"repeatCount":0,"removedOnCompletion":true,"from":{"scalar":0.014},"timingFunction":"EaseInEaseOut","additive":false,"timeOffset":0,"autoreverses":false,"property":"zPosition","fillMode":"both","duration":2,"beginTime":0,"to":{"scalar":0.016}}],"removedOnCompletion":false}],"initialState":{"affineTransform":[1,0,0,1,0,0],"masksToBounds":false,"rotation":0,"scale":1,"position":{"pointX":960,"pointY":719.19949340820312},"width":740.40625,"sublayerTransform":[1,0,0,0,0,1,0,0,0,0,1,0,0,0,0,1],"contentsRect":{"y":0,"x":0,"width":1,"height":1},"opacity":1,"edgeAntialiasingMask":251658240,"height":583.65924072265625,"hidden":false,"anchorPoint":{"pointX":0.5,"pointY":0.5}},"layers":[{"animations":[{"additive":false,"timeOffset":0,"beginTime":0,"repeatCount":0,"fillMode":"both","duration":2,"autoreverses":false,"animations":[{"repeatCount":0,"removedOnCompletion":true,"from":{"scalar":1},"timingFunction":"EaseInEaseOut","additive":false,"timeOffset":0,"autoreverses":false,"property":"opacity","fillMode":"forwards","duration":0.66659999999999997,"beginTime":0,"to":{"scalar":0}},{"additive":false,"timeOffset":0,"beginTime":0.66659999999999997,"from":{"scalar":true},"repeatCount":0,"fillMode":"forwards","duration":1.3334000000000001,"autoreverses":false,"property":"hidden","to":{"scalar":true},"removedOnCompletion":true}],"removedOnCompletion":false}],"layers":[],"texturedRectangle":{"isBackgroundTexture":true,"singleTextureOpacity":1,"textureType":5,"textBaseline":0,"textXHeight":0,"isVerticalText":false},"initialState":{"affineTransform":[1,0,0,1,0,0],"masksToBounds":false,"rotation":0,"scale":1,"position":{"pointX":370.203125,"pointY":291.82962036132812},"width":744,"sublayerTransform":[1,0,0,0,0,1,0,0,0,0,1,0,0,0,0,1],"contentsRect":{"y":0,"x":0,"width":1,"height":1},"opacity":1,"edgeAntialiasingMask":0,"height":587,"hidden":false,"anchorPoint":{"pointX":0.5,"pointY":0.49948806372777366}},"texture":"1DE7AFF6307BAACD27347093B56CB275"}]},{"animations":[{"additive":false,"timeOffset":0,"beginTime":0,"repeatCount":0,"fillMode":"both","duration":2,"autoreverses":false,"animations":[{"repeatCount":0,"removedOnCompletion":true,"from":{"scalar":0.014999999999999999},"timingFunction":"EaseInEaseOut","additive":false,"timeOffset":0,"autoreverses":false,"property":"zPosition","fillMode":"both","duration":2,"beginTime":0,"to":{"scalar":0.014}}],"removedOnCompletion":false}],"initialState":{"affineTransform":[1,0,0,1,0,0],"masksToBounds":false,"rotation":0,"scale":1,"position":{"pointX":960,"pointY":384.51522827148438},"width":201.59032344818115,"sublayerTransform":[1,0,0,0,0,1,0,0,0,0,1,0,0,0,0,1],"contentsRect":{"y":0,"x":0,"width":1,"height":1},"opacity":1,"edgeAntialiasingMask":251658240,"height":62.000000476837158,"hidden":false,"anchorPoint":{"pointX":0.5,"pointY":0.5}},"layers":[{"animations":[{"additive":false,"timeOffset":0,"beginTime":0,"repeatCount":0,"fillMode":"both","duration":2,"autoreverses":false,"animations":[{"repeatCount":0,"removedOnCompletion":true,"from":{"scalar":0},"timingFunction":"EaseInEaseOut","additive":false,"timeOffset":0,"autoreverses":false,"property":"opacity","fillMode":"both","duration":0.66659999999999997,"beginTime":1.3334000000000001,"to":{"scalar":1}},{"additive":false,"timeOffset":0,"beginTime":1.3334000000000001,"from":{"scalar":false},"repeatCount":0,"fillMode":"forwards","duration":0.66659999999999986,"autoreverses":false,"property":"hidden","to":{"scalar":false},"removedOnCompletion":true}],"removedOnCompletion":false}],"layers":[],"texturedRectangle":{"singleTextureOpacity":1,"textXHeight":0.63601932010135132,"textBaseline":0.92340829565718363,"isBackgroundTexture":true,"isVerticalText":false,"textColor":[0.46666666865348816,0.46666666865348816,0.46274510025978088,1],"textureType":6},"initialState":{"affineTransform":[1,0,0,1,0,0],"masksToBounds":false,"rotation":0,"scale":1,"position":{"pointX":100.795166015625,"pointY":31},"width":61,"sublayerTransform":[1,0,0,0,0,1,0,0,0,0,1,0,0,0,0,1],"contentsRect":{"y":0,"x":0,"width":1,"height":1},"opacity":1,"edgeAntialiasingMask":0,"height":37,"hidden":true,"anchorPoint":{"pointX":0.98360662773007257,"pointY":0.47338454143421071}},"texture":"C851741A281E9E704D548B57DEE64337"}]},{"animations":[{"additive":false,"timeOffset":0,"beginTime":0,"repeatCount":0,"fillMode":"both","duration":2,"autoreverses":false,"animations":[{"repeatCount":0,"removedOnCompletion":true,"from":{"scalar":0.016},"timingFunction":"EaseInEaseOut","additive":false,"timeOffset":0,"autoreverses":false,"property":"zPosition","fillMode":"both","duration":2,"beginTime":0,"to":{"scalar":0.014999999999999999}}],"removedOnCompletion":false}],"initialState":{"affineTransform":[1,0,0,1,0,0],"masksToBounds":false,"rotation":0,"scale":1,"position":{"pointX":960,"pointY":384.51522827148438},"width":201.59032344818115,"sublayerTransform":[1,0,0,0,0,1,0,0,0,0,1,0,0,0,0,1],"contentsRect":{"y":0,"x":0,"width":1,"height":1},"opacity":1,"edgeAntialiasingMask":251658240,"height":62.000000476837158,"hidden":false,"anchorPoint":{"pointX":0.5,"pointY":0.5}},"layers":[{"animations":[{"additive":false,"timeOffset":0,"beginTime":0,"repeatCount":0,"fillMode":"both","duration":2,"autoreverses":false,"animations":[{"repeatCount":0,"removedOnCompletion":true,"from":{"scalar":0},"timingFunction":"EaseInEaseOut","additive":false,"timeOffset":0,"autoreverses":false,"property":"opacity","fillMode":"both","duration":0.66659999999999997,"beginTime":1.3334000000000001,"to":{"scalar":1}},{"additive":false,"timeOffset":0,"beginTime":1.3334000000000001,"from":{"scalar":false},"repeatCount":0,"fillMode":"forwards","duration":0.66659999999999986,"autoreverses":false,"property":"hidden","to":{"scalar":false},"removedOnCompletion":true}],"removedOnCompletion":false}],"layers":[],"texturedRectangle":{"singleTextureOpacity":1,"textXHeight":0.6536865234375,"textBaseline":0.94905852609210539,"isBackgroundTexture":true,"isVerticalText":false,"textColor":[0.46666666865348816,0.46666666865348816,0.46274510025978088,1],"textureType":6},"initialState":{"affineTransform":[1,0,0,1,0,0],"masksToBounds":false,"rotation":0,"scale":1,"position":{"pointX":100.795166015625,"pointY":31},"width":8,"sublayerTransform":[1,0,0,0,0,1,0,0,0,0,1,0,0,0,0,1],"contentsRect":{"y":0,"x":0,"width":1,"height":1},"opacity":1,"edgeAntialiasingMask":0,"height":36,"hidden":true,"anchorPoint":{"pointX":11.875000536441803,"pointY":0.48653411202960545}},"texture":"DFB518B62628747FEC63424F8E11DB78"}]},{"animations":[{"additive":false,"timeOffset":0,"beginTime":0,"repeatCount":0,"fillMode":"both","duration":2,"autoreverses":false,"animations":[{"repeatCount":0,"removedOnCompletion":true,"from":{"scalar":0.017000000000000001},"timingFunction":"EaseInEaseOut","additive":false,"timeOffset":0,"autoreverses":false,"property":"zPosition","fillMode":"both","duration":2,"beginTime":0,"to":{"scalar":0.017000000000000001}}],"removedOnCompletion":false}],"initialState":{"affineTransform":[1,0,0,1,0,0],"masksToBounds":false,"rotation":0,"scale":1,"position":{"pointX":960,"pointY":450.31413807912037},"width":728.90625,"sublayerTransform":[1,0,0,0,0,1,0,0,0,0,1,0,0,0,0,1],"contentsRect":{"y":0,"x":0,"width":1,"height":1},"opacity":1,"edgeAntialiasingMask":251658240,"height":46.320109654334374,"hidden":false,"anchorPoint":{"pointX":0.5,"pointY":0.5}},"layers":[{"animations":[{"additive":false,"timeOffset":0,"beginTime":0,"repeatCount":0,"fillMode":"both","duration":2,"autoreverses":false,"animations":[{"repeatCount":0,"removedOnCompletion":true,"from":{"scalar":0},"timingFunction":"EaseInEaseOut","additive":false,"timeOffset":0,"autoreverses":false,"property":"opacity","fillMode":"both","duration":0.66659999999999997,"beginTime":1.3334000000000001,"to":{"scalar":1}},{"additive":false,"timeOffset":0,"beginTime":1.3334000000000001,"from":{"scalar":false},"repeatCount":0,"fillMode":"forwards","duration":0.66659999999999986,"autoreverses":false,"property":"hidden","to":{"scalar":false},"removedOnCompletion":true}],"removedOnCompletion":false}],"layers":[],"texturedRectangle":{"isBackgroundTexture":true,"singleTextureOpacity":1,"textureType":5,"textBaseline":0,"textXHeight":0,"isVerticalText":false},"initialState":{"affineTransform":[1,0,0,1,0,0],"masksToBounds":false,"rotation":0,"scale":1,"position":{"pointX":364.45001220703125,"pointY":23.160054827167187},"width":732,"sublayerTransform":[1,0,0,0,0,1,0,0,0,0,1,0,0,0,0,1],"contentsRect":{"y":0,"x":0,"width":1,"height":1},"opacity":1,"edgeAntialiasingMask":0,"height":49,"hidden":true,"anchorPoint":{"pointX":0.49999574755058912,"pointY":0.49620689957388509}},"texture":"CDD3EACB480D600768BD33B67DF0ADC0"}]},{"animations":[{"additive":false,"timeOffset":0,"beginTime":0,"repeatCount":0,"fillMode":"both","duration":2,"autoreverses":false,"animations":[{"repeatCount":0,"removedOnCompletion":true,"from":{"scalar":0.018000000000000002},"timingFunction":"EaseInEaseOut","additive":false,"timeOffset":0,"autoreverses":false,"property":"zPosition","fillMode":"both","duration":2,"beginTime":0,"to":{"scalar":0.018000000000000002}}],"removedOnCompletion":false}],"initialState":{"affineTransform":[1,0,0,1,0,0],"masksToBounds":false,"rotation":0,"scale":1,"position":{"pointX":945.364990234375,"pointY":727.27390043658124},"width":826.03125,"sublayerTransform":[1,0,0,0,0,1,0,0,0,0,1,0,0,0,0,1],"contentsRect":{"y":0,"x":0,"width":1,"height":1},"opacity":1,"edgeAntialiasingMask":251658240,"height":531.51203427159999,"hidden":false,"anchorPoint":{"pointX":0.5,"pointY":0.5}},"layers":[{"animations":[{"additive":false,"timeOffset":0,"beginTime":0,"repeatCount":0,"fillMode":"both","duration":2,"autoreverses":false,"animations":[{"repeatCount":0,"removedOnCompletion":true,"from":{"scalar":0},"timingFunction":"EaseInEaseOut","additive":false,"timeOffset":0,"autoreverses":false,"property":"opacity","fillMode":"both","duration":0.66659999999999997,"beginTime":1.3334000000000001,"to":{"scalar":1}},{"additive":false,"timeOffset":0,"beginTime":1.3334000000000001,"from":{"scalar":false},"repeatCount":0,"fillMode":"forwards","duration":0.66659999999999986,"autoreverses":false,"property":"hidden","to":{"scalar":false},"removedOnCompletion":true}],"removedOnCompletion":false}],"layers":[],"texturedRectangle":{"isBackgroundTexture":true,"singleTextureOpacity":1,"textureType":5,"textBaseline":0,"textXHeight":0,"isVerticalText":false},"initialState":{"affineTransform":[1,0,0,1,0,0],"masksToBounds":false,"rotation":0,"scale":1,"position":{"pointX":413.00949997232237,"pointY":265.75601713579999},"width":829,"sublayerTransform":[1,0,0,0,0,1,0,0,0,0,1,0,0,0,0,1],"contentsRect":{"y":0,"x":0,"width":1,"height":1},"opacity":1,"edgeAntialiasingMask":0,"height":535,"hidden":true,"anchorPoint":{"pointX":0.49982975296344678,"pointY":0.49957738399360979}},"texture":"A5C2AAE1529A6E14D471FD3CDBD561D2"}]},{"animations":[{"additive":false,"timeOffset":0,"beginTime":0,"repeatCount":0,"fillMode":"both","duration":2,"autoreverses":false,"animations":[{"repeatCount":0,"removedOnCompletion":true,"from":{"scalar":0.019},"timingFunction":"EaseInEaseOut","additive":false,"timeOffset":0,"autoreverses":false,"property":"zPosition","fillMode":"both","duration":2,"beginTime":0,"to":{"scalar":0.019}}],"removedOnCompletion":false}],"initialState":{"affineTransform":[1,0,0,1,0,0],"masksToBounds":false,"rotation":0,"scale":1,"position":{"pointX":598.90685170435199,"pointY":603.9163818359375},"width":44.304670205578986,"sublayerTransform":[1,0,0,0,0,1,0,0,0,0,1,0,0,0,0,1],"contentsRect":{"y":0,"x":0,"width":1,"height":1},"opacity":1,"edgeAntialiasingMask":251658240,"height":4,"hidden":false,"anchorPoint":{"pointX":0.5,"pointY":0.5}},"layers":[{"animations":[{"additive":false,"timeOffset":0,"beginTime":0,"repeatCount":0,"fillMode":"both","duration":2,"autoreverses":false,"animations":[{"repeatCount":0,"removedOnCompletion":true,"from":{"scalar":0},"timingFunction":"EaseInEaseOut","additive":false,"timeOffset":0,"autoreverses":false,"property":"opacity","fillMode":"both","duration":0.66659999999999997,"beginTime":1.3334000000000001,"to":{"scalar":1}},{"additive":false,"timeOffset":0,"beginTime":1.3334000000000001,"from":{"scalar":false},"repeatCount":0,"fillMode":"forwards","duration":0.66659999999999986,"autoreverses":false,"property":"hidden","to":{"scalar":false},"removedOnCompletion":true}],"removedOnCompletion":false}],"layers":[],"texturedRectangle":{"singleTextureOpacity":1,"textXHeight":0,"shapePath":{"lineWidth":1,"flatness":0.59999999999999998,"lineCapStyle":0,"elements":[{"type":"MoveToPoint","points":[[1.7545166015625,3.9163818359375]]},{"type":"AddLine","points":[[46.059186807141486,3.9163818359375]]}],"windingRule":0,"lineJoinStyle":0,"miterLimit":10},"isBackgroundTexture":true,"textBaseline":0,"isVerticalText":false,"textureType":5},"initialState":{"affineTransform":[1,0,0,1,0,0],"masksToBounds":false,"rotation":0,"scale":1,"position":{"pointX":22.152336120605469,"pointY":2},"width":48,"sublayerTransform":[1,0,0,0,0,1,0,0,0,0,1,0,0,0,0,1],"contentsRect":{"y":0,"x":0,"width":1,"height":1},"opacity":1,"edgeAntialiasingMask":0,"height":7,"hidden":true,"anchorPoint":{"pointX":0.4980594317118327,"pointY":0.5594831194196429}},"texture":"0B2D89544704522EA4F0024D2923D2AD"}]},{"animations":[{"additive":false,"timeOffset":0,"beginTime":0,"repeatCount":0,"fillMode":"both","duration":2,"autoreverses":false,"animations":[{"repeatCount":0,"removedOnCompletion":true,"from":{"scalar":0.02},"timingFunction":"EaseInEaseOut","additive":false,"timeOffset":0,"autoreverses":false,"property":"zPosition","fillMode":"both","duration":2,"beginTime":0,"to":{"scalar":0.02}}],"removedOnCompletion":false}],"initialState":{"affineTransform":[1,0,0,1,0,0],"masksToBounds":false,"rotation":0,"scale":1,"position":{"pointX":901.36119740747699,"pointY":756.81561279296875},"width":44.304670205578986,"sublayerTransform":[1,0,0,0,0,1,0,0,0,0,1,0,0,0,0,1],"contentsRect":{"y":0,"x":0,"width":1,"height":1},"opacity":1,"edgeAntialiasingMask":251658240,"height":4,"hidden":false,"anchorPoint":{"pointX":0.5,"pointY":0.5}},"layers":[{"animations":[{"additive":false,"timeOffset":0,"beginTime":0,"repeatCount":0,"fillMode":"both","duration":2,"autoreverses":false,"animations":[{"repeatCount":0,"removedOnCompletion":true,"from":{"scalar":0},"timingFunction":"EaseInEaseOut","additive":false,"timeOffset":0,"autoreverses":false,"property":"opacity","fillMode":"both","duration":0.66659999999999997,"beginTime":1.3334000000000001,"to":{"scalar":1}},{"additive":false,"timeOffset":0,"beginTime":1.3334000000000001,"from":{"scalar":false},"repeatCount":0,"fillMode":"forwards","duration":0.66659999999999986,"autoreverses":false,"property":"hidden","to":{"scalar":false},"removedOnCompletion":true}],"removedOnCompletion":false}],"layers":[],"texturedRectangle":{"singleTextureOpacity":1,"textXHeight":0,"shapePath":{"lineWidth":1,"flatness":0.59999999999999998,"lineCapStyle":0,"elements":[{"type":"MoveToPoint","points":[[1.2088623046875,3.81561279296875]]},{"type":"AddLine","points":[[45.513532510266486,3.81561279296875]]}],"windingRule":0,"lineJoinStyle":0,"miterLimit":10},"isBackgroundTexture":true,"textBaseline":0,"isVerticalText":false,"textureType":5},"initialState":{"affineTransform":[1,0,0,1,0,0],"masksToBounds":false,"rotation":0,"scale":1,"position":{"pointX":22.152336120605469,"pointY":2},"width":47,"sublayerTransform":[1,0,0,0,0,1,0,0,0,0,1,0,0,0,0,1],"contentsRect":{"y":0,"x":0,"width":1,"height":1},"opacity":1,"edgeAntialiasingMask":0,"height":7,"hidden":true,"anchorPoint":{"pointX":0.4970467750062334,"pointY":0.5450875418526786}},"texture":"FCF55DDFB6D932E555338FF676FB85AA"}]},{"animations":[{"additive":false,"timeOffset":0,"beginTime":0,"repeatCount":0,"fillMode":"both","duration":2,"autoreverses":false,"animations":[{"repeatCount":0,"removedOnCompletion":true,"from":{"scalar":0.021000000000000001},"timingFunction":"EaseInEaseOut","additive":false,"timeOffset":0,"autoreverses":false,"property":"zPosition","fillMode":"both","duration":2,"beginTime":0,"to":{"scalar":0.021000000000000001}}],"removedOnCompletion":false}],"initialState":{"affineTransform":[1,0,0,1,0,0],"masksToBounds":false,"rotation":0,"scale":1,"position":{"pointX":798.10509389185199,"pointY":917.71197509765625},"width":44.304670205578986,"sublayerTransform":[1,0,0,0,0,1,0,0,0,0,1,0,0,0,0,1],"contentsRect":{"y":0,"x":0,"width":1,"height":1},"opacity":1,"edgeAntialiasingMask":251658240,"height":4,"hidden":false,"anchorPoint":{"pointX":0.5,"pointY":0.5}},"layers":[{"animations":[{"additive":false,"timeOffset":0,"beginTime":0,"repeatCount":0,"fillMode":"both","duration":2,"autoreverses":false,"animations":[{"repeatCount":0,"removedOnCompletion":true,"from":{"scalar":0},"timingFunction":"EaseInEaseOut","additive":false,"timeOffset":0,"autoreverses":false,"property":"opacity","fillMode":"both","duration":0.66659999999999997,"beginTime":1.3334000000000001,"to":{"scalar":1}},{"additive":false,"timeOffset":0,"beginTime":1.3334000000000001,"from":{"scalar":false},"repeatCount":0,"fillMode":"forwards","duration":0.66659999999999986,"autoreverses":false,"property":"hidden","to":{"scalar":false},"removedOnCompletion":true}],"removedOnCompletion":false}],"layers":[],"texturedRectangle":{"singleTextureOpacity":1,"textXHeight":0,"shapePath":{"lineWidth":1,"flatness":0.59999999999999998,"lineCapStyle":0,"elements":[{"type":"MoveToPoint","points":[[1.9527587890625,3.71197509765625]]},{"type":"AddLine","points":[[46.257428994641486,3.71197509765625]]}],"windingRule":0,"lineJoinStyle":0,"miterLimit":10},"isBackgroundTexture":true,"textBaseline":0,"isVerticalText":false,"textureType":5},"initialState":{"affineTransform":[1,0,0,1,0,0],"masksToBounds":false,"rotation":0,"scale":1,"position":{"pointX":22.152336120605469,"pointY":2},"width":48,"sublayerTransform":[1,0,0,0,0,1,0,0,0,0,1,0,0,0,0,1],"contentsRect":{"y":0,"x":0,"width":1,"height":1},"opacity":1,"edgeAntialiasingMask":0,"height":7,"hidden":true,"anchorPoint":{"pointX":0.50218947728474939,"pointY":0.5302821568080357}},"texture":"EE05BD7C877D38E913ED714770104FB9"}]}]},"effects":[],"duration":2,"type":"transition","attributes":{"direction":0},"name":"apple:magic-move-implied-motion-path","objectID":"0"}],"automaticPlay":false,"hyperlinks":[],"accessibility":[{"text":"androlablogo.png","targetRectangle":{"y":-13.44533634185791,"x":1635.907470703125,"width":263.60980224609375,"height":263.60980224609375}},{"text":"正确使用搜索引擎","targetRectangle":{"y":43.805075824260712,"x":78.315109252929688,"width":560,"height":98}},{"text":"￼","targetRectangle":{"y":1037.1928260326385,"x":1755.2383622894288,"width":24.947999999999865,"height":26.381927490234375}},{"text":"Screen Shot 2020-11-06 at 21.27.07.png","targetRectangle":{"y":427.369873046875,"x":589.796875,"width":740.40625,"height":583.65924072265625}},{"text":"pasted-image.tiff","targetRectangle":{"y":203.77304077148438,"x":797.78790283203125,"width":324.42425537109375,"height":106}},{"text":"Use Baidu correctly","targetRectangle":{"y":143.30508363246918,"x":86.315109252929688,"width":197.49600000000004,"height":37.828785569377942}},{"text":"开始你的计算机学习——By holk","targetRectangle":{"y":1035.3837888091803,"x":20.716238021850586,"width":303.05000017702577,"height":38.6180739402771}},{"text":"Java  地府后台系统 -csdn","targetRectangle":{"y":353.01522934436798,"x":703.69994831085205,"width":512.60009765625,"height":63}}],"baseLayer":{"animations":[],"initialState":{"affineTransform":[1,0,0,1,0,0],"masksToBounds":false,"rotation":0,"scale":1,"position":{"pointX":960,"pointY":540},"width":1920,"sublayerTransform":[1,0,0,0,0,1,0,0,0,0,1,0,0,0,0,1],"contentsRect":{"y":0,"x":0,"width":1,"height":1},"opacity":1,"edgeAntialiasingMask":251658240,"height":1080,"hidden":false,"anchorPoint":{"pointX":0.5,"pointY":0.5}},"objectID":"0","layers":[{"animations":[],"initialState":{"affineTransform":[1,0,0,1,0,0],"masksToBounds":false,"rotation":0,"scale":1,"position":{"pointX":960,"pointY":540},"width":1920,"sublayerTransform":[1,0,0,0,0,1,0,0,0,0,1,-0.00035007912466775983,0,0,0,1],"contentsRect":{"y":0,"x":0,"width":1,"height":1},"opacity":1,"edgeAntialiasingMask":251658240,"height":1080,"hidden":false,"anchorPoint":{"pointX":0.5,"pointY":0.5}},"layers":[{"animations":[],"initialState":{"affineTransform":[1,0,0,1,0,0],"masksToBounds":false,"rotation":0,"scale":1,"position":{"pointX":960,"pointY":540},"width":1920,"sublayerTransform":[1,0,0,0,0,1,0,0,0,0,1,0,0,0,0,1],"contentsRect":{"y":0,"x":0,"width":1,"height":1},"opacity":1,"edgeAntialiasingMask":251658240,"height":1080,"hidden":false,"anchorPoint":{"pointX":0.5,"pointY":0.5}},"layers":[{"animations":[],"layers":[],"texturedRectangle":{"isBackgroundTexture":true,"singleTextureOpacity":1,"textureType":1,"textBaseline":0,"textXHeight":0,"isVerticalText":false},"initialState":{"affineTransform":[1,0,0,1,0,0],"masksToBounds":false,"rotation":0,"scale":1,"position":{"pointX":960,"pointY":540},"width":1920,"sublayerTransform":[1,0,0,0,0,1,0,0,0,0,1,0,0,0,0,1],"contentsRect":{"y":0,"x":0,"width":1,"height":1},"opacity":1,"edgeAntialiasingMask":0,"height":1080,"hidden":false,"anchorPoint":{"pointX":0.5,"pointY":0.5}},"texture":"C25C25FF361FB24FC35F6B120D2F252D"}]}]},{"animations":[],"initialState":{"affineTransform":[1,0,0,1,0,0],"masksToBounds":false,"rotation":0,"scale":1,"position":{"pointX":1767.7123410701752,"pointY":1050.3838073015213},"width":81.405150890350342,"sublayerTransform":[1,0,0,0,0,1,0,0,0,0,1,0,0,0,0,1],"contentsRect":{"y":0,"x":0,"width":1,"height":1},"opacity":1,"edgeAntialiasingMask":251658240,"height":59.232336282730103,"hidden":false,"anchorPoint":{"pointX":0.5,"pointY":0.5}},"layers":[{"animations":[],"layers":[],"texturedRectangle":{"singleTextureOpacity":1,"textXHeight":0,"shapePath":{"lineWidth":1,"flatness":0.59999999999999998,"lineCapStyle":0,"elements":[{"type":"MoveToPoint","points":[[1.009765625,1.76763916015625]]},{"type":"AddLine","points":[[82.414916515350342,1.76763916015625]]},{"type":"AddLine","points":[[82.414916515350342,60.999975442886353]]},{"type":"AddLine","points":[[1.009765625,60.999975442886353]]},{"type":"CloseSubpath"},{"type":"MoveToPoint","points":[[1.009765625,1.76763916015625]]}],"windingRule":0,"lineJoinStyle":0,"miterLimit":10},"isBackgroundTexture":true,"textBaseline":0,"isVerticalText":false,"textureType":5},"initialState":{"affineTransform":[1,0,0,1,0,0],"masksToBounds":false,"rotation":0,"scale":1,"position":{"pointX":40.70257568359375,"pointY":29.616168975830078},"width":84,"sublayerTransform":[1,0,0,0,0,1,0,0,0,0,1,0,0,0,0,1],"contentsRect":{"y":0,"x":0,"width":1,"height":1},"opacity":1,"edgeAntialiasingMask":0,"height":62,"hidden":false,"anchorPoint":{"pointX":0.4965754917689732,"pointY":0.50619045380623107}},"texture":"A6E833AA860844AE12191F236E634EA4"}]},{"animations":[],"initialState":{"affineTransform":[1,0,0,1,0,0],"masksToBounds":false,"rotation":0,"scale":1,"position":{"pointX":945.36499368689692,"pointY":195.90701293945312},"width":1726.0997688679345,"sublayerTransform":[1,0,0,0,0,1,0,0,0,0,1,0,0,0,0,1],"contentsRect":{"y":0,"x":0,"width":1,"height":1},"opacity":1,"edgeAntialiasingMask":251658240,"height":2,"hidden":false,"anchorPoint":{"pointX":0.5,"pointY":0.5}},"layers":[{"animations":[],"layers":[],"texturedRectangle":{"singleTextureOpacity":1,"textXHeight":0,"shapePath":{"lineWidth":1,"flatness":0.59999999999999998,"lineCapStyle":0,"elements":[{"type":"MoveToPoint","points":[[1.3151092529296875,2.907012939453125]]},{"type":"AddLine","points":[[1727.4148781208642,2.907012939453125]]}],"windingRule":0,"lineJoinStyle":0,"miterLimit":10},"isBackgroundTexture":true,"textBaseline":0,"isVerticalText":false,"textureType":5},"initialState":{"affineTransform":[1,0,0,1,0,0],"masksToBounds":false,"rotation":0,"scale":1,"position":{"pointX":863.0499267578125,"pointY":1},"width":1729,"sublayerTransform":[1,0,0,0,0,1,0,0,0,0,1,0,0,0,0,1],"contentsRect":{"y":0,"x":0,"width":1,"height":1},"opacity":1,"edgeAntialiasingMask":0,"height":5,"hidden":false,"anchorPoint":{"pointX":0.49992194101257503,"pointY":0.58140258789062504}},"texture":"DB279119010ED2762F2E8F982BBD0863"}]},{"animations":[],"initialState":{"affineTransform":[1,0,0,1,0,0],"masksToBounds":false,"rotation":0,"scale":1,"position":{"pointX":1767.7123718261719,"pointY":118.35956478118896},"width":263.60980224609375,"sublayerTransform":[1,0,0,0,0,1,0,0,0,0,1,0,0,0,0,1],"contentsRect":{"y":0,"x":0,"width":1,"height":1},"opacity":0.77594292163848877,"edgeAntialiasingMask":251658240,"height":263.60980224609375,"hidden":false,"anchorPoint":{"pointX":0.5,"pointY":0.5}},"layers":[{"animations":[],"layers":[],"texturedRectangle":{"isBackgroundTexture":true,"singleTextureOpacity":0.77594292163848877,"textureType":5,"textBaseline":0,"textXHeight":0,"isVerticalText":false},"initialState":{"affineTransform":[1,0,0,1,0,0],"masksToBounds":false,"rotation":0,"scale":1,"position":{"pointX":131.80490112304688,"pointY":131.80490112304688},"width":267,"sublayerTransform":[1,0,0,0,0,1,0,0,0,0,1,0,0,0,0,1],"contentsRect":{"y":0,"x":0,"width":1,"height":1},"opacity":1,"edgeAntialiasingMask":0,"height":267,"hidden":false,"anchorPoint":{"pointX":0.50079540009802204,"pointY":0.49947402539771146}},"texture":"649E80B6E5AF2375098394864E7312C9"}]},{"animations":[],"initialState":{"affineTransform":[1,0,0,1,0,0],"masksToBounds":false,"rotation":0,"scale":1,"position":{"pointX":487.32841554819606,"pointY":92.805076599121094},"width":826.02661259053275,"sublayerTransform":[1,0,0,0,0,1,0,0,0,0,1,0,0,0,0,1],"contentsRect":{"y":0,"x":0,"width":1,"height":1},"opacity":1,"edgeAntialiasingMask":251658240,"height":106.00000154972076,"hidden":false,"anchorPoint":{"pointX":0.5,"pointY":0.5}},"layers":[{"animations":[],"layers":[],"texturedRectangle":{"singleTextureOpacity":1,"textXHeight":0.60869565217391319,"textBaseline":0.86963808104611828,"isBackgroundTexture":true,"isVerticalText":false,"textColor":[0.46666666865348816,0.46666666865348816,0.46274510025978088,1],"textureType":6},"initialState":{"affineTransform":[1,0,0,1,0,0],"masksToBounds":false,"rotation":0,"scale":1,"position":{"pointX":413.0133056640625,"pointY":53},"width":557,"sublayerTransform":[1,0,0,0,0,1,0,0,0,0,1,0,0,0,0,1],"contentsRect":{"y":0,"x":0,"width":1,"height":1},"opacity":1,"edgeAntialiasingMask":0,"height":69,"hidden":false,"anchorPoint":{"pointX":0.73128979338777766,"pointY":0.50442138875740161}},"texture":"90F9BF7D872FC17FDD07DCF81E847D74"}]},{"animations":[],"initialState":{"affineTransform":[1,0,0,1,0,0],"masksToBounds":false,"rotation":0,"scale":1,"position":{"pointX":1767.7123613357544,"pointY":1050.3837890625},"width":58.540201187133789,"sublayerTransform":[1,0,0,0,0,1,0,0,0,0,1,0,0,0,0,1],"contentsRect":{"y":0,"x":0,"width":1,"height":1},"opacity":1,"edgeAntialiasingMask":251658240,"height":34.3819260597229,"hidden":false,"anchorPoint":{"pointX":0.5,"pointY":0.5}},"layers":[{"animations":[],"layers":[],"texturedRectangle":{"singleTextureOpacity":1,"textXHeight":0.55000000000000004,"textBaseline":0.87513660192489628,"isBackgroundTexture":true,"isVerticalText":false,"textColor":[0.99991005659103394,1,0.99987798929214478,1],"textureType":6},"initialState":{"affineTransform":[1,0,0,1,0,0],"masksToBounds":false,"rotation":0,"scale":1,"position":{"pointX":29.270101547241211,"pointY":17.190963745117188},"width":28,"sublayerTransform":[1,0,0,0,0,1,0,0,0,0,1,0,0,0,0,1],"contentsRect":{"y":0,"x":0,"width":1,"height":1},"opacity":1,"edgeAntialiasingMask":0,"height":20,"hidden":false,"anchorPoint":{"pointX":0.52544151033673969,"pointY":0.51918948888778682}},"texture":"44930F6A1266AF85F9BDF001C7CFF497"}]},{"animations":[],"initialState":{"affineTransform":[1,0,0,1,0,0],"masksToBounds":false,"rotation":0,"scale":1,"position":{"pointX":381.16624013171531,"pointY":157.87704467773438},"width":597.70226175757125,"sublayerTransform":[1,0,0,0,0,1,0,0,0,0,1,0,0,0,0,1],"contentsRect":{"y":0,"x":0,"width":1,"height":1},"opacity":1,"edgeAntialiasingMask":251658240,"height":37.143922090530396,"hidden":false,"anchorPoint":{"pointX":0.5,"pointY":0.5}},"layers":[{"animations":[],"layers":[],"texturedRectangle":{"singleTextureOpacity":1,"textXHeight":0.46153846153846156,"textBaseline":0.7240377343617953,"isBackgroundTexture":true,"isVerticalText":false,"textColor":[0.46666666865348816,0.46666666865348816,0.46274510025978088,1],"textureType":6},"initialState":{"affineTransform":[1,0,0,1,0,0],"masksToBounds":false,"rotation":0,"scale":1,"position":{"pointX":298.85113525390625,"pointY":18.57196044921875},"width":199,"sublayerTransform":[1,0,0,0,0,1,0,0,0,0,1,0,0,0,0,1],"contentsRect":{"y":0,"x":0,"width":1,"height":1},"opacity":1,"edgeAntialiasingMask":0,"height":26,"hidden":false,"anchorPoint":{"pointX":1.4782223342052057,"pointY":0.41834784929568952}},"texture":"CC652652C4CBB9763290793D4BD651D7"}]},{"animations":[],"initialState":{"affineTransform":[1,0,0,1,0,0],"masksToBounds":false,"rotation":0,"scale":1,"position":{"pointX":381.16623913752846,"pointY":1050.3837890625},"width":728.90000223135576,"sublayerTransform":[1,0,0,0,0,1,0,0,0,0,1,0,0,0,0,1],"contentsRect":{"y":0,"x":0,"width":1,"height":1},"opacity":1,"edgeAntialiasingMask":251658240,"height":38.000000506639481,"hidden":false,"anchorPoint":{"pointX":0.5,"pointY":0.5}},"layers":[{"animations":[],"layers":[],"texturedRectangle":{"singleTextureOpacity":1,"textXHeight":0.48888888888888887,"textBaseline":0.73717680187137036,"isBackgroundTexture":true,"isVerticalText":false,"textColor":[0.46666666865348816,0.46666666865348816,0.46274510025978088,1],"textureType":6},"initialState":{"affineTransform":[1,0,0,1,0,0],"masksToBounds":false,"rotation":0,"scale":1,"position":{"pointX":364.45001220703125,"pointY":19},"width":305,"sublayerTransform":[1,0,0,0,0,1,0,0,0,0,1,0,0,0,0,1],"contentsRect":{"y":0,"x":0,"width":1,"height":1},"opacity":1,"edgeAntialiasingMask":0,"height":27,"hidden":false,"anchorPoint":{"pointX":1.1841516400946945,"pointY":0.45865884478445407}},"texture":"0B0A7B6440E0082F4BE7054819E8DB2B"}]},{"animations":[],"initialState":{"affineTransform":[1,0,0,1,0,0],"masksToBounds":false,"rotation":0,"scale":1,"position":{"pointX":960.00003051757812,"pointY":256.77304077148438},"width":324.42425537109375,"sublayerTransform":[1,0,0,0,0,1,0,0,0,0,1,0,0,0,0,1],"contentsRect":{"y":0,"x":0,"width":1,"height":1},"opacity":0.80002689361572266,"edgeAntialiasingMask":251658240,"height":106,"hidden":false,"anchorPoint":{"pointX":0.5,"pointY":0.5}},"layers":[{"animations":[],"layers":[],"texturedRectangle":{"isBackgroundTexture":true,"singleTextureOpacity":0.80002689361572266,"textureType":5,"textBaseline":0,"textXHeight":0,"isVerticalText":false},"initialState":{"affineTransform":[1,0,0,1,0,0],"masksToBounds":false,"rotation":0,"scale":1,"position":{"pointX":162.21212768554688,"pointY":53},"width":328,"sublayerTransform":[1,0,0,0,0,1,0,0,0,0,1,0,0,0,0,1],"contentsRect":{"y":0,"x":0,"width":1,"height":1},"opacity":1,"edgeAntialiasingMask":0,"height":109,"hidden":false,"anchorPoint":{"pointX":0.5000000930413967,"pointY":0.50250496120627863}},"texture":"74A76CAB39CC5781F928F59BED38D5C9"}]},{"animations":[],"initialState":{"affineTransform":[1,0,0,1,0,0],"masksToBounds":false,"rotation":0,"scale":1,"position":{"pointX":960,"pointY":384.51522827148438},"width":909.8194580078125,"sublayerTransform":[1,0,0,0,0,1,0,0,0,0,1,0,0,0,0,1],"contentsRect":{"y":0,"x":0,"width":1,"height":1},"opacity":1,"edgeAntialiasingMask":251658240,"height":77,"hidden":false,"anchorPoint":{"pointX":0.5,"pointY":0.5}},"layers":[{"animations":[],"layers":[],"texturedRectangle":{"singleTextureOpacity":1,"textXHeight":0,"shapePath":{"lineWidth":1,"flatness":0.59999999999999998,"lineCapStyle":0,"elements":[{"type":"MoveToPoint","points":[[26.020245996093763,3.015228271484375]]},{"type":"AddLine","points":[[885.97975400390624,3.015228271484375]]},{"type":"AddCurve","points":[[892.70853805767388,3.015228271484375],[896.74580848993446,3.015228271484375],[899.43732211144152,4.1388990891896356]]},{"type":"AddCurve","points":[[903.31737160452008,5.5511216121499274],[906.3738356632407,8.6075856708706056],[907.78605818620099,12.487635163949278]]},{"type":"AddCurve","points":[[908.90972900390625,15.179148785456277],[908.90972900390625,19.216419217716805],[908.90972900390625,25.945203271484388]]},{"type":"AddLine","points":[[908.90972900390625,53.085253271484362]]},{"type":"AddCurve","points":[[908.90972900390625,59.814037325251945],[908.90972900390625,63.851307757512473],[907.78605818620099,66.542821379019472]]},{"type":"AddCurve","points":[[906.3738356632407,70.422870872098201],[903.31737160452008,73.479334930818823],[899.43732211144152,74.891557453779114]]},{"type":"AddCurve","points":[[896.74580848993446,76.015228271484375],[892.70853805767388,76.015228271484375],[885.97975400390624,76.015228271484375]]},{"type":"AddLine","points":[[26.020245996093763,76.015228271484375]]},{"type":"AddCurve","points":[[19.291461942326237,76.015228271484375],[15.254191510065652,76.015228271484375],[12.562677888558596,74.891557453779114]]},{"type":"AddCurve","points":[[8.6826283954799237,73.479334930818823],[5.6261643367593024,70.422870872098201],[4.2139418137990106,66.542821379019472]]},{"type":"AddCurve","points":[[3.09027099609375,63.851307757512473],[3.09027099609375,59.814037325251945],[3.09027099609375,53.085253271484362]]},{"type":"AddLine","points":[[3.09027099609375,25.945203271484388]]},{"type":"AddCurve","points":[[3.09027099609375,19.216419217716805],[3.09027099609375,15.179148785456277],[4.2139418137990106,12.487635163949278]]},{"type":"AddCurve","points":[[5.6261643367593024,8.6075856708706056],[8.6826283954799237,5.5511216121499274],[12.562677888558596,4.1388990891896356]]},{"type":"AddCurve","points":[[15.254191510065652,3.015228271484375],[19.291461942326237,3.015228271484375],[26.020245996093763,3.015228271484375]]},{"type":"CloseSubpath"},{"type":"MoveToPoint","points":[[26.020245996093763,3.015228271484375]]}],"windingRule":0,"lineJoinStyle":0,"miterLimit":10},"isBackgroundTexture":true,"textBaseline":0,"isVerticalText":false,"textureType":5},"initialState":{"affineTransform":[1,0,0,1,0,0],"masksToBounds":false,"rotation":0,"scale":1,"position":{"pointX":454.90972900390625,"pointY":38.5},"width":912,"sublayerTransform":[1,0,0,0,0,1,0,0,0,0,1,0,0,0,0,1],"contentsRect":{"y":0,"x":0,"width":1,"height":1},"opacity":1,"edgeAntialiasingMask":0,"height":80,"hidden":false,"anchorPoint":{"pointX":0.5,"pointY":0.49394035339355469}},"texture":"289440CE5BA26DFFA38EC6C7DB07B516"}]},{"animations":[],"initialState":{"affineTransform":[1,0,0,1,0,0],"masksToBounds":false,"rotation":0,"scale":1,"position":{"pointX":1370.9162259601958,"pointY":384.51522840191433},"width":31.691338573293478,"sublayerTransform":[1,0,0,0,0,1,0,0,0,0,1,0,0,0,0,1],"contentsRect":{"y":0,"x":0,"width":1,"height":1},"opacity":1,"edgeAntialiasingMask":251658240,"height":37.143921068552231,"hidden":false,"anchorPoint":{"pointX":0.5,"pointY":0.5}},"layers":[{"animations":[],"layers":[],"texturedRectangle":{"singleTextureOpacity":1,"textXHeight":0,"shapePath":{"lineWidth":1,"flatness":0.59999999999999998,"lineCapStyle":0,"elements":[{"type":"MoveToPoint","points":[[13.386923312817771,1.9510129680390378]]},{"type":"AddCurve","points":[[10.924816122521179,2.0365200038216926],[8.4637078770847438,2.8297891605708969],[6.3266020835405925,4.3857064070394927]]},{"type":"AddCurve","points":[[0.62727149363990975,8.5347256050937403],[-0.63444917736501338,16.547283649066003],[3.5146613921729113,22.246895576216502]]},{"type":"AddCurve","points":[[7.0780084074365277,27.141773174873379],[13.658313251792833,28.868771581835063],[19.161703109883774,26.353082891408576]]},{"type":"AddLine","points":[[19.550557628882189,26.176067042485101]]},{"type":"AddLine","points":[[19.774003882336501,26.53880443782009]]},{"type":"AddCurve","points":[[19.79322613194563,26.569727800772398],[19.807272288541299,26.592257193685782],[19.823336172060181,26.614253816049768]]},{"type":"AddLine","points":[[28.546445754964907,38.596195458755119]]},{"type":"AddCurve","points":[[28.733187515283817,38.85295685693427],[29.010316073668946,39.022233363461964],[29.327056692357246,39.072106921434624]]},{"type":"AddCurve","points":[[29.644083533544517,39.121971977749581],[29.961549627081695,39.047384100833824],[30.217939806778986,38.860268282558991]]},{"type":"AddLine","points":[[32.269582679404948,37.365790213778837]]},{"type":"AddCurve","points":[[32.802696171771004,36.977817064494957],[32.92172222305112,36.227593948251069],[32.533655524396409,35.694296296075208]]},{"type":"AddLine","points":[[23.810545941491682,23.712354653369857]]},{"type":"AddCurve","points":[[23.773679916846959,23.661560082479355],[23.731571202864643,23.615964275274337],[23.688666166880239,23.573063493561222]]},{"type":"AddLine","points":[[23.37816293156061,23.259658383991791]]},{"type":"AddLine","points":[[23.659647172925133,22.920136181958242]]},{"type":"AddCurve","points":[[27.425802488794716,18.411653258138358],[27.641540571979704,11.946177998456051],[24.184890963512544,7.1976465185584857]]},{"type":"AddCurve","points":[[21.591637190964548,3.6355073788257641],[17.490434352017019,1.8085013044639027],[13.386923312817771,1.9510129680390378]]},{"type":"CloseSubpath"},{"type":"MoveToPoint","points":[[13.424648004959408,4.6178583400538855]]},{"type":"AddCurve","points":[[14.084947723712503,4.5919544975038207],[14.753182323624969,4.6316483830841548],[15.42115478907067,4.7368362057237619]]},{"type":"AddCurve","points":[[18.092387189271676,5.1573095983460462],[20.438135015135231,6.5897347760222829],[22.025877813252691,8.7704758647309973]]},{"type":"AddCurve","points":[[25.307393258982984,13.279052306785616],[24.311132088875638,19.617841531147178],[19.803022876291607,22.899822887819482]]},{"type":"AddCurve","points":[[18.010344768910727,24.204981792036733],[15.927132404814074,24.832490564050204],[13.862834813681502,24.832487730164303]]},{"type":"AddCurve","points":[[10.736026171002777,24.832487730164303],[7.6505908488561545,23.3898740242023],[5.6736747195507178,20.674066230043991]]},{"type":"AddCurve","points":[[2.391695933438541,16.165768925750626],[3.3880461938408644,9.8296903132534226],[7.8965296565118024,6.5476211061181857]]},{"type":"AddCurve","points":[[9.5318080605477462,5.3570996170776084],[11.443747431757402,4.69556986770408],[13.424648004959408,4.6178583400538855]]},{"type":"CloseSubpath"},{"type":"MoveToPoint","points":[[13.424648004959408,4.6178583400538855]]}],"windingRule":0,"lineJoinStyle":0,"miterLimit":10},"isBackgroundTexture":true,"textBaseline":0,"isVerticalText":false,"textureType":5},"initialState":{"affineTransform":[1,0,0,1,0,0],"masksToBounds":false,"rotation":0,"scale":1,"position":{"pointX":15.845668759800446,"pointY":18.571960403846163},"width":34,"sublayerTransform":[1,0,0,0,0,1,0,0,0,0,1,0,0,0,0,1],"contentsRect":{"y":0,"x":0,"width":1,"height":1},"opacity":1,"edgeAntialiasingMask":0,"height":41,"hidden":false,"anchorPoint":{"pointX":0.49753604215734143,"pointY":0.50037142125571643}},"texture":"E975577A9E3FE21C475CE481B727FE94"}]},{"animations":[],"initialState":{"affineTransform":[1,0,0,1,0,0],"masksToBounds":false,"rotation":0,"scale":1,"position":{"pointX":960,"pointY":384.51522827148438},"width":521.6001033782959,"sublayerTransform":[1,0,0,0,0,1,0,0,0,0,1,0,0,0,0,1],"contentsRect":{"y":0,"x":0,"width":1,"height":1},"opacity":1,"edgeAntialiasingMask":251658240,"height":70.999997854232788,"hidden":false,"anchorPoint":{"pointX":0.5,"pointY":0.5}},"layers":[{"animations":[],"layers":[],"texturedRectangle":{"singleTextureOpacity":1,"textXHeight":0.51158075747282605,"textBaseline":0.84163474647895153,"isBackgroundTexture":true,"isVerticalText":false,"textColor":[0.46666666865348816,0.46666666865348816,0.46274510025978088,1],"textureType":6},"initialState":{"affineTransform":[1,0,0,1,0,0],"masksToBounds":false,"rotation":0,"scale":1,"position":{"pointX":260.800048828125,"pointY":35.5},"width":394,"sublayerTransform":[1,0,0,0,0,1,0,0,0,0,1,0,0,0,0,1],"contentsRect":{"y":0,"x":0,"width":1,"height":1},"opacity":1,"edgeAntialiasingMask":0,"height":46,"hidden":false,"anchorPoint":{"pointX":0.41370557649486561,"pointY":0.48946150748626044}},"texture":"8E19459CF9C547B44B0632273114B4CC"}]},{"animations":[],"initialState":{"affineTransform":[1,0,0,1,0,0],"masksToBounds":false,"rotation":0,"scale":1,"position":{"pointX":960,"pointY":384.51522827148438},"width":521.6001033782959,"sublayerTransform":[1,0,0,0,0,1,0,0,0,0,1,0,0,0,0,1],"contentsRect":{"y":0,"x":0,"width":1,"height":1},"opacity":1,"edgeAntialiasingMask":251658240,"height":70.999997854232788,"hidden":false,"anchorPoint":{"pointX":0.5,"pointY":0.5}},"layers":[{"animations":[],"layers":[],"texturedRectangle":{"singleTextureOpacity":1,"textXHeight":0.63601932010135132,"textBaseline":0.9112215767035613,"isBackgroundTexture":true,"isVerticalText":false,"textColor":[0.46666666865348816,0.46666666865348816,0.46274510025978088,1],"textureType":6},"initialState":{"affineTransform":[1,0,0,1,0,0],"masksToBounds":false,"rotation":0,"scale":1,"position":{"pointX":260.800048828125,"pointY":35.5},"width":97,"sublayerTransform":[1,0,0,0,0,1,0,0,0,0,1,0,0,0,0,1],"contentsRect":{"y":0,"x":0,"width":1,"height":1},"opacity":1,"edgeAntialiasingMask":0,"height":37,"hidden":false,"anchorPoint":{"pointX":2.6494845065873922,"pointY":0.47338457687481028}},"texture":"8E9E9D8A29B83FC73FE44344A17910D7"}]},{"animations":[],"initialState":{"affineTransform":[1,0,0,1,0,0],"masksToBounds":false,"rotation":0,"scale":1,"position":{"pointX":960,"pointY":384.51522827148438},"width":521.6001033782959,"sublayerTransform":[1,0,0,0,0,1,0,0,0,0,1,0,0,0,0,1],"contentsRect":{"y":0,"x":0,"width":1,"height":1},"opacity":1,"edgeAntialiasingMask":251658240,"height":70.999997854232788,"hidden":false,"anchorPoint":{"pointX":0.5,"pointY":0.5}},"layers":[{"animations":[],"layers":[],"texturedRectangle":{"singleTextureOpacity":1,"textXHeight":0.8404541015625,"textBaseline":0.91839994064399177,"isBackgroundTexture":true,"isVerticalText":false,"textColor":[0.46666666865348816,0.46666666865348816,0.46274510025978088,1],"textureType":6},"initialState":{"affineTransform":[1,0,0,1,0,0],"masksToBounds":false,"rotation":0,"scale":1,"position":{"pointX":260.800048828125,"pointY":35.5},"width":24,"sublayerTransform":[1,0,0,0,0,1,0,0,0,0,1,0,0,0,0,1],"contentsRect":{"y":0,"x":0,"width":1,"height":1},"opacity":1,"edgeAntialiasingMask":0,"height":28,"hidden":false,"anchorPoint":{"pointX":-9.6666667858759556,"pointY":0.33982961944171358}},"texture":"38B0ABCB246E337E826C9255A0CCBFCF"}]},{"animations":[],"initialState":{"affineTransform":[1,0,0,1,0,0],"masksToBounds":false,"rotation":0,"scale":1,"position":{"pointX":960,"pointY":719.19949340820312},"width":740.40625,"sublayerTransform":[1,0,0,0,0,1,0,0,0,0,1,0,0,0,0,1],"contentsRect":{"y":0,"x":0,"width":1,"height":1},"opacity":1,"edgeAntialiasingMask":251658240,"height":583.65924072265625,"hidden":false,"anchorPoint":{"pointX":0.5,"pointY":0.5}},"layers":[{"animations":[],"layers":[],"texturedRectangle":{"isBackgroundTexture":true,"singleTextureOpacity":1,"textureType":5,"textBaseline":0,"textXHeight":0,"isVerticalText":false},"initialState":{"affineTransform":[1,0,0,1,0,0],"masksToBounds":false,"rotation":0,"scale":1,"position":{"pointX":370.203125,"pointY":291.82962036132812},"width":744,"sublayerTransform":[1,0,0,0,0,1,0,0,0,0,1,0,0,0,0,1],"contentsRect":{"y":0,"x":0,"width":1,"height":1},"opacity":1,"edgeAntialiasingMask":0,"height":587,"hidden":false,"anchorPoint":{"pointX":0.5,"pointY":0.49948806372777366}},"texture":"1DE7AFF6307BAACD27347093B56CB275"}]},{"animations":[],"initialState":{"affineTransform":[1,0,0,1,0,0],"masksToBounds":false,"rotation":0,"scale":1,"position":{"pointX":960,"pointY":384.51522827148438},"width":201.59032344818115,"sublayerTransform":[1,0,0,0,0,1,0,0,0,0,1,0,0,0,0,1],"contentsRect":{"y":0,"x":0,"width":1,"height":1},"opacity":1,"edgeAntialiasingMask":251658240,"height":62.000000476837158,"hidden":false,"anchorPoint":{"pointX":0.5,"pointY":0.5}},"layers":[{"animations":[],"layers":[],"texturedRectangle":{"singleTextureOpacity":1,"textXHeight":0.63601932010135132,"textBaseline":0.92340829565718363,"isBackgroundTexture":true,"isVerticalText":false,"textColor":[0.46666666865348816,0.46666666865348816,0.46274510025978088,1],"textureType":6},"initialState":{"affineTransform":[1,0,0,1,0,0],"masksToBounds":false,"rotation":0,"scale":1,"position":{"pointX":100.795166015625,"pointY":31},"width":61,"sublayerTransform":[1,0,0,0,0,1,0,0,0,0,1,0,0,0,0,1],"contentsRect":{"y":0,"x":0,"width":1,"height":1},"opacity":1,"edgeAntialiasingMask":0,"height":37,"hidden":true,"anchorPoint":{"pointX":0.98360662773007257,"pointY":0.47338454143421071}},"texture":"C851741A281E9E704D548B57DEE64337"}]},{"animations":[],"initialState":{"affineTransform":[1,0,0,1,0,0],"masksToBounds":false,"rotation":0,"scale":1,"position":{"pointX":960,"pointY":384.51522827148438},"width":201.59032344818115,"sublayerTransform":[1,0,0,0,0,1,0,0,0,0,1,0,0,0,0,1],"contentsRect":{"y":0,"x":0,"width":1,"height":1},"opacity":1,"edgeAntialiasingMask":251658240,"height":62.000000476837158,"hidden":false,"anchorPoint":{"pointX":0.5,"pointY":0.5}},"layers":[{"animations":[],"layers":[],"texturedRectangle":{"singleTextureOpacity":1,"textXHeight":0.6536865234375,"textBaseline":0.94905852609210539,"isBackgroundTexture":true,"isVerticalText":false,"textColor":[0.46666666865348816,0.46666666865348816,0.46274510025978088,1],"textureType":6},"initialState":{"affineTransform":[1,0,0,1,0,0],"masksToBounds":false,"rotation":0,"scale":1,"position":{"pointX":100.795166015625,"pointY":31},"width":8,"sublayerTransform":[1,0,0,0,0,1,0,0,0,0,1,0,0,0,0,1],"contentsRect":{"y":0,"x":0,"width":1,"height":1},"opacity":1,"edgeAntialiasingMask":0,"height":36,"hidden":true,"anchorPoint":{"pointX":11.875000536441803,"pointY":0.48653411202960545}},"texture":"DFB518B62628747FEC63424F8E11DB78"}]},{"animations":[],"initialState":{"affineTransform":[1,0,0,1,0,0],"masksToBounds":false,"rotation":0,"scale":1,"position":{"pointX":960,"pointY":450.31413807912037},"width":728.90625,"sublayerTransform":[1,0,0,0,0,1,0,0,0,0,1,0,0,0,0,1],"contentsRect":{"y":0,"x":0,"width":1,"height":1},"opacity":1,"edgeAntialiasingMask":251658240,"height":46.320109654334374,"hidden":false,"anchorPoint":{"pointX":0.5,"pointY":0.5}},"layers":[{"animations":[],"layers":[],"texturedRectangle":{"isBackgroundTexture":true,"singleTextureOpacity":1,"textureType":5,"textBaseline":0,"textXHeight":0,"isVerticalText":false},"initialState":{"affineTransform":[1,0,0,1,0,0],"masksToBounds":false,"rotation":0,"scale":1,"position":{"pointX":364.45001220703125,"pointY":23.160054827167187},"width":732,"sublayerTransform":[1,0,0,0,0,1,0,0,0,0,1,0,0,0,0,1],"contentsRect":{"y":0,"x":0,"width":1,"height":1},"opacity":1,"edgeAntialiasingMask":0,"height":49,"hidden":true,"anchorPoint":{"pointX":0.49999574755058912,"pointY":0.49620689957388509}},"texture":"CDD3EACB480D600768BD33B67DF0ADC0"}]},{"animations":[],"initialState":{"affineTransform":[1,0,0,1,0,0],"masksToBounds":false,"rotation":0,"scale":1,"position":{"pointX":945.364990234375,"pointY":727.27390043658124},"width":826.03125,"sublayerTransform":[1,0,0,0,0,1,0,0,0,0,1,0,0,0,0,1],"contentsRect":{"y":0,"x":0,"width":1,"height":1},"opacity":1,"edgeAntialiasingMask":251658240,"height":531.51203427159999,"hidden":false,"anchorPoint":{"pointX":0.5,"pointY":0.5}},"layers":[{"animations":[],"layers":[],"texturedRectangle":{"isBackgroundTexture":true,"singleTextureOpacity":1,"textureType":5,"textBaseline":0,"textXHeight":0,"isVerticalText":false},"initialState":{"affineTransform":[1,0,0,1,0,0],"masksToBounds":false,"rotation":0,"scale":1,"position":{"pointX":413.00949997232237,"pointY":265.75601713579999},"width":829,"sublayerTransform":[1,0,0,0,0,1,0,0,0,0,1,0,0,0,0,1],"contentsRect":{"y":0,"x":0,"width":1,"height":1},"opacity":1,"edgeAntialiasingMask":0,"height":535,"hidden":true,"anchorPoint":{"pointX":0.49982975296344678,"pointY":0.49957738399360979}},"texture":"A5C2AAE1529A6E14D471FD3CDBD561D2"}]},{"animations":[],"initialState":{"affineTransform":[1,0,0,1,0,0],"masksToBounds":false,"rotation":0,"scale":1,"position":{"pointX":598.90685170435199,"pointY":603.9163818359375},"width":44.304670205578986,"sublayerTransform":[1,0,0,0,0,1,0,0,0,0,1,0,0,0,0,1],"contentsRect":{"y":0,"x":0,"width":1,"height":1},"opacity":1,"edgeAntialiasingMask":251658240,"height":4,"hidden":false,"anchorPoint":{"pointX":0.5,"pointY":0.5}},"layers":[{"animations":[],"layers":[],"texturedRectangle":{"singleTextureOpacity":1,"textXHeight":0,"shapePath":{"lineWidth":1,"flatness":0.59999999999999998,"lineCapStyle":0,"elements":[{"type":"MoveToPoint","points":[[1.7545166015625,3.9163818359375]]},{"type":"AddLine","points":[[46.059186807141486,3.9163818359375]]}],"windingRule":0,"lineJoinStyle":0,"miterLimit":10},"isBackgroundTexture":true,"textBaseline":0,"isVerticalText":false,"textureType":5},"initialState":{"affineTransform":[1,0,0,1,0,0],"masksToBounds":false,"rotation":0,"scale":1,"position":{"pointX":22.152336120605469,"pointY":2},"width":48,"sublayerTransform":[1,0,0,0,0,1,0,0,0,0,1,0,0,0,0,1],"contentsRect":{"y":0,"x":0,"width":1,"height":1},"opacity":1,"edgeAntialiasingMask":0,"height":7,"hidden":true,"anchorPoint":{"pointX":0.4980594317118327,"pointY":0.5594831194196429}},"texture":"0B2D89544704522EA4F0024D2923D2AD"}]},{"animations":[],"initialState":{"affineTransform":[1,0,0,1,0,0],"masksToBounds":false,"rotation":0,"scale":1,"position":{"pointX":901.36119740747699,"pointY":756.81561279296875},"width":44.304670205578986,"sublayerTransform":[1,0,0,0,0,1,0,0,0,0,1,0,0,0,0,1],"contentsRect":{"y":0,"x":0,"width":1,"height":1},"opacity":1,"edgeAntialiasingMask":251658240,"height":4,"hidden":false,"anchorPoint":{"pointX":0.5,"pointY":0.5}},"layers":[{"animations":[],"layers":[],"texturedRectangle":{"singleTextureOpacity":1,"textXHeight":0,"shapePath":{"lineWidth":1,"flatness":0.59999999999999998,"lineCapStyle":0,"elements":[{"type":"MoveToPoint","points":[[1.2088623046875,3.81561279296875]]},{"type":"AddLine","points":[[45.513532510266486,3.81561279296875]]}],"windingRule":0,"lineJoinStyle":0,"miterLimit":10},"isBackgroundTexture":true,"textBaseline":0,"isVerticalText":false,"textureType":5},"initialState":{"affineTransform":[1,0,0,1,0,0],"masksToBounds":false,"rotation":0,"scale":1,"position":{"pointX":22.152336120605469,"pointY":2},"width":47,"sublayerTransform":[1,0,0,0,0,1,0,0,0,0,1,0,0,0,0,1],"contentsRect":{"y":0,"x":0,"width":1,"height":1},"opacity":1,"edgeAntialiasingMask":0,"height":7,"hidden":true,"anchorPoint":{"pointX":0.4970467750062334,"pointY":0.5450875418526786}},"texture":"FCF55DDFB6D932E555338FF676FB85AA"}]},{"animations":[],"initialState":{"affineTransform":[1,0,0,1,0,0],"masksToBounds":false,"rotation":0,"scale":1,"position":{"pointX":798.10509389185199,"pointY":917.71197509765625},"width":44.304670205578986,"sublayerTransform":[1,0,0,0,0,1,0,0,0,0,1,0,0,0,0,1],"contentsRect":{"y":0,"x":0,"width":1,"height":1},"opacity":1,"edgeAntialiasingMask":251658240,"height":4,"hidden":false,"anchorPoint":{"pointX":0.5,"pointY":0.5}},"layers":[{"animations":[],"layers":[],"texturedRectangle":{"singleTextureOpacity":1,"textXHeight":0,"shapePath":{"lineWidth":1,"flatness":0.59999999999999998,"lineCapStyle":0,"elements":[{"type":"MoveToPoint","points":[[1.9527587890625,3.71197509765625]]},{"type":"AddLine","points":[[46.257428994641486,3.71197509765625]]}],"windingRule":0,"lineJoinStyle":0,"miterLimit":10},"isBackgroundTexture":true,"textBaseline":0,"isVerticalText":false,"textureType":5},"initialState":{"affineTransform":[1,0,0,1,0,0],"masksToBounds":false,"rotation":0,"scale":1,"position":{"pointX":22.152336120605469,"pointY":2},"width":48,"sublayerTransform":[1,0,0,0,0,1,0,0,0,0,1,0,0,0,0,1],"contentsRect":{"y":0,"x":0,"width":1,"height":1},"opacity":1,"edgeAntialiasingMask":0,"height":7,"hidden":true,"anchorPoint":{"pointX":0.50218947728474939,"pointY":0.5302821568080357}},"texture":"EE05BD7C877D38E913ED714770104FB9"}]}]}}]}