{"autoplayTransitionDelay":5,"author":"","timestamp":"2020-8-8 19:11:8","loopSlideshow":0,"filename":"LIGHT.key","autoplayBuildDelay":2,"comment":"","title":"LIGHT.key","showMode":0,"creator":"Apple Keynote 10.2","slideList":["8702DEA9-1938-5E07-86DB-DB8A04D82884","C3571E71-39E4-44CA-8984-D2E368ABC010","E32ACC6A-4612-4154-BC70-FEE1DAF2F9ED","C70F277E-C74C-4AEF-A8F9-48F482F5255B","168D85D7-87B5-4DA2-ABE0-C24176337C54","431C13FF-70E2-4BBA-BB4C-9210037E88CD","EB4AA452-514E-4C26-8482-CEBE62D91FEE","19C294AB-6BC0-476F-BD03-379364FEFEE2","6F1F0FCE-4967-4742-9BC7-E6356BDC1E78","6566B761-EAE5-4615-95E9-1342869EDF5D","988069F9-84A7-4B7A-9098-FFD53C88D383","42E08E43-B33B-44FD-A8FF-857361B5693D","575B345B-1021-4ED1-8DDF-D68FEDD5F8C5","9B01B4BE-079E-4959-AACF-528475A4FE59","C2241453-F3D8-4CB5-81CD-2B578859694E","298531DA-6FBB-4BD7-BDB1-A4BE25610E67","240B90A3-931D-4F1F-A61C-6B4974D7502E","41FE42E4-4DB6-4683-9378-24346B978180","FAB7B44F-A315-422A-A71D-27CE900D8003","977820FE-9B34-446E-982E-19ED930D94D0"],"soundtrack":{"mode":0,"volume":1},"slideWidth":1920,"slideHeight":1080,"slideCount":20,"majorVersion":1,"minorVersion":2,"fonts":["STHeitiSC-Light","PTSans-Bold","Helvetica","PTSans-Regular","Roboto-Light","Roboto-Medium","Helvetica-Light","StTransmission-800ExtraBold","Avenir-Roman","Helvetica-LightOblique","GillSans","PingFangSC-Regular","HelveticaNeue-CondensedBold","Roboto-Regular","HelveticaNeue","Helvetica-Bold","Roboto-Bold"]}