{"assets":{"0B0A7B6440E0082F4BE7054819E8DB2B":{"type":"texture","index":7,"assetRequest":{"type":"slide","state":"contents","slide":"none"},"url":{"native":"assets\/575B345B-1021-4ED1-8DDF-D68FEDD5F8C5.pdf"},"width":305,"height":27},"C25C25FF361FB24FC35F6B120D2F252D":{"type":"texture","index":0,"assetRequest":{"type":"slide","state":"contents","slide":"none"},"url":{"native":"assets\/575B345B-1021-4ED1-8DDF-D68FEDD5F8C5.pdf"},"width":1920,"height":1080},"D70AA0F786668D319763232FC241FE92":{"type":"texture","index":5,"assetRequest":{"type":"slide","state":"contents","slide":"none"},"url":{"native":"assets\/575B345B-1021-4ED1-8DDF-D68FEDD5F8C5.pdf"},"width":28,"height":20},"5FCAA46117FEE0C6B69110CC613ECF8E":{"type":"texture","index":22,"assetRequest":{"type":"slide","state":"contents","slide":"none"},"url":{"native":"assets\/575B345B-1021-4ED1-8DDF-D68FEDD5F8C5.pdf"},"width":379,"height":46},"E50E399A7ACD6AE06F38F87BC2D6736F":{"type":"texture","index":12,"assetRequest":{"type":"slide","state":"contents","slide":"none"},"url":{"native":"assets\/575B345B-1021-4ED1-8DDF-D68FEDD5F8C5.pdf"},"width":89,"height":45},"289440CE5BA26DFFA38EC6C7DB07B516":{"type":"texture","index":9,"assetRequest":{"type":"slide","state":"contents","slide":"none"},"url":{"native":"assets\/575B345B-1021-4ED1-8DDF-D68FEDD5F8C5.pdf"},"width":912,"height":80},"9459A9E4CE6E2E395113690F5B27E2D7":{"type":"texture","index":15,"assetRequest":{"type":"slide","state":"contents","slide":"none"},"url":{"native":"assets\/575B345B-1021-4ED1-8DDF-D68FEDD5F8C5.pdf"},"width":732,"height":50},"A6E833AA860844AE12191F236E634EA4":{"type":"texture","index":1,"assetRequest":{"type":"slide","state":"contents","slide":"none"},"url":{"native":"assets\/575B345B-1021-4ED1-8DDF-D68FEDD5F8C5.pdf"},"width":84,"height":62},"03A4EA19AAA36F9E44FDB8971BE8E6F2":{"type":"texture","index":11,"assetRequest":{"type":"slide","state":"contents","slide":"none"},"url":{"native":"assets\/575B345B-1021-4ED1-8DDF-D68FEDD5F8C5.pdf"},"width":91,"height":37},"B8810C1A9B587F01E013AE578A2FB696":{"type":"texture","index":17,"assetRequest":{"type":"slide","state":"contents","slide":"none"},"url":{"native":"assets\/575B345B-1021-4ED1-8DDF-D68FEDD5F8C5.pdf"},"width":858,"height":541},"649E80B6E5AF2375098394864E7312C9":{"type":"texture","index":3,"assetRequest":{"type":"slide","state":"contents","slide":"none"},"url":{"native":"assets\/575B345B-1021-4ED1-8DDF-D68FEDD5F8C5.pdf"},"width":267,"height":267},"DB279119010ED2762F2E8F982BBD0863":{"type":"texture","index":18,"assetRequest":{"type":"slide","state":"contents","slide":"none"},"url":{"native":"assets\/575B345B-1021-4ED1-8DDF-D68FEDD5F8C5.pdf"},"width":1729,"height":5},"D802176232F738411F0CA129A1DA7447":{"type":"texture","index":21,"assetRequest":{"type":"slide","state":"contents","slide":"none"},"url":{"native":"assets\/575B345B-1021-4ED1-8DDF-D68FEDD5F8C5.pdf"},"width":89,"height":45},"74F770FCCFC8E06335EC28AD4329FAE5":{"type":"texture","index":10,"assetRequest":{"type":"slide","state":"contents","slide":"none"},"url":{"native":"assets\/575B345B-1021-4ED1-8DDF-D68FEDD5F8C5.pdf"},"width":35,"height":41},"7A06DAB0B2A15D2C846ADDF1827CAC34":{"type":"texture","index":19,"assetRequest":{"type":"slide","state":"contents","slide":"none"},"url":{"native":"assets\/575B345B-1021-4ED1-8DDF-D68FEDD5F8C5.pdf"},"width":29,"height":20},"3085D37CB3A3D73BC6DA4C299E3A1C36":{"type":"texture","index":2,"assetRequest":{"type":"slide","state":"contents","slide":"none"},"url":{"native":"assets\/575B345B-1021-4ED1-8DDF-D68FEDD5F8C5.pdf"},"width":1729,"height":5},"CC652652C4CBB9763290793D4BD651D7":{"type":"texture","index":6,"assetRequest":{"type":"slide","state":"contents","slide":"none"},"url":{"native":"assets\/575B345B-1021-4ED1-8DDF-D68FEDD5F8C5.pdf"},"width":199,"height":26},"AB6E21EA9D3265B663953A84BFB960B3":{"type":"texture","index":16,"assetRequest":{"type":"slide","state":"contents","slide":"none"},"url":{"native":"assets\/575B345B-1021-4ED1-8DDF-D68FEDD5F8C5.pdf"},"width":872,"height":539},"0BABC01880D058FD8BE360CD0F37231E":{"type":"texture","index":14,"assetRequest":{"type":"slide","state":"contents","slide":"none"},"url":{"native":"assets\/575B345B-1021-4ED1-8DDF-D68FEDD5F8C5.pdf"},"width":56,"height":29},"5D03374FE2F5CBD542AA6D84373D0EA5":{"type":"texture","index":13,"assetRequest":{"type":"slide","state":"contents","slide":"none"},"url":{"native":"assets\/575B345B-1021-4ED1-8DDF-D68FEDD5F8C5.pdf"},"width":379,"height":46},"07D029E88FA833BBD107AF6CB88A0851":{"type":"texture","index":20,"assetRequest":{"type":"slide","state":"contents","slide":"none"},"url":{"native":"assets\/575B345B-1021-4ED1-8DDF-D68FEDD5F8C5.pdf"},"width":35,"height":41},"74A76CAB39CC5781F928F59BED38D5C9":{"type":"texture","index":8,"assetRequest":{"type":"slide","state":"contents","slide":"none"},"url":{"native":"assets\/575B345B-1021-4ED1-8DDF-D68FEDD5F8C5.pdf"},"width":328,"height":109},"90F9BF7D872FC17FDD07DCF81E847D74":{"type":"texture","index":4,"assetRequest":{"type":"slide","state":"contents","slide":"none"},"url":{"native":"assets\/575B345B-1021-4ED1-8DDF-D68FEDD5F8C5.pdf"},"width":557,"height":69}},"events":[{"effects":[{"beginTime":0,"baseLayer":{"animations":[],"initialState":{"affineTransform":[1,0,0,1,0,0],"masksToBounds":false,"rotation":0,"scale":1,"position":{"pointX":960,"pointY":540},"width":1920,"sublayerTransform":[1,0,0,0,0,1,0,0,0,0,1,0,0,0,0,1],"contentsRect":{"y":0,"x":0,"width":1,"height":1},"opacity":1,"edgeAntialiasingMask":251658240,"height":1080,"hidden":false,"anchorPoint":{"pointX":0.5,"pointY":0.5}},"objectID":"0","layers":[{"animations":[],"initialState":{"affineTransform":[1,0,0,1,0,0],"masksToBounds":false,"rotation":0,"scale":1,"position":{"pointX":960,"pointY":540},"width":1920,"sublayerTransform":[1,0,0,0,0,1,0,0,0,0,1,-0.00035007912466775983,0,0,0,1],"contentsRect":{"y":0,"x":0,"width":1,"height":1},"opacity":1,"edgeAntialiasingMask":251658240,"height":1080,"hidden":false,"anchorPoint":{"pointX":0.5,"pointY":0.5}},"layers":[{"animations":[{"additive":false,"timeOffset":0,"beginTime":0,"repeatCount":0,"fillMode":"both","duration":2,"autoreverses":false,"animations":[{"repeatCount":0,"removedOnCompletion":true,"from":{"scalar":0},"timingFunction":"EaseInEaseOut","additive":false,"timeOffset":0,"autoreverses":false,"property":"zPosition","fillMode":"both","duration":2,"beginTime":0,"to":{"scalar":0}}],"removedOnCompletion":false}],"initialState":{"affineTransform":[1,0,0,1,0,0],"masksToBounds":false,"rotation":0,"scale":1,"position":{"pointX":960,"pointY":540},"width":1920,"sublayerTransform":[1,0,0,0,0,1,0,0,0,0,1,0,0,0,0,1],"contentsRect":{"y":0,"x":0,"width":1,"height":1},"opacity":1,"edgeAntialiasingMask":251658240,"height":1080,"hidden":false,"anchorPoint":{"pointX":0.5,"pointY":0.5}},"layers":[{"animations":[],"layers":[],"texturedRectangle":{"isBackgroundTexture":true,"singleTextureOpacity":1,"textureType":1,"textBaseline":0,"textXHeight":0,"isVerticalText":false},"initialState":{"affineTransform":[1,0,0,1,0,0],"masksToBounds":false,"rotation":0,"scale":1,"position":{"pointX":960,"pointY":540},"width":1920,"sublayerTransform":[1,0,0,0,0,1,0,0,0,0,1,0,0,0,0,1],"contentsRect":{"y":0,"x":0,"width":1,"height":1},"opacity":1,"edgeAntialiasingMask":0,"height":1080,"hidden":false,"anchorPoint":{"pointX":0.5,"pointY":0.5}},"texture":"C25C25FF361FB24FC35F6B120D2F252D"}]}]},{"animations":[{"additive":false,"timeOffset":0,"beginTime":0,"repeatCount":0,"fillMode":"both","duration":2,"autoreverses":false,"animations":[{"repeatCount":0,"removedOnCompletion":true,"from":{"scalar":0.001},"timingFunction":"EaseInEaseOut","additive":false,"timeOffset":0,"autoreverses":false,"property":"zPosition","fillMode":"both","duration":2,"beginTime":0,"to":{"scalar":0.001}}],"removedOnCompletion":false}],"initialState":{"affineTransform":[1,0,0,1,0,0],"masksToBounds":false,"rotation":0,"scale":1,"position":{"pointX":1767.7123410701752,"pointY":1050.3838073015213},"width":81.405150890350342,"sublayerTransform":[1,0,0,0,0,1,0,0,0,0,1,0,0,0,0,1],"contentsRect":{"y":0,"x":0,"width":1,"height":1},"opacity":1,"edgeAntialiasingMask":251658240,"height":59.232336282730103,"hidden":false,"anchorPoint":{"pointX":0.5,"pointY":0.5}},"layers":[{"animations":[],"layers":[],"texturedRectangle":{"singleTextureOpacity":1,"textXHeight":0,"shapePath":{"lineWidth":1,"flatness":0.59999999999999998,"lineCapStyle":0,"elements":[{"type":"MoveToPoint","points":[[1.009765625,1.76763916015625]]},{"type":"AddLine","points":[[82.414916515350342,1.76763916015625]]},{"type":"AddLine","points":[[82.414916515350342,60.999975442886353]]},{"type":"AddLine","points":[[1.009765625,60.999975442886353]]},{"type":"CloseSubpath"},{"type":"MoveToPoint","points":[[1.009765625,1.76763916015625]]}],"windingRule":0,"lineJoinStyle":0,"miterLimit":10},"isBackgroundTexture":true,"textBaseline":0,"isVerticalText":false,"textureType":5},"initialState":{"affineTransform":[1,0,0,1,0,0],"masksToBounds":false,"rotation":0,"scale":1,"position":{"pointX":40.70257568359375,"pointY":29.616168975830078},"width":84,"sublayerTransform":[1,0,0,0,0,1,0,0,0,0,1,0,0,0,0,1],"contentsRect":{"y":0,"x":0,"width":1,"height":1},"opacity":1,"edgeAntialiasingMask":0,"height":62,"hidden":false,"anchorPoint":{"pointX":0.4965754917689732,"pointY":0.50619045380623107}},"texture":"A6E833AA860844AE12191F236E634EA4"}]},{"animations":[{"additive":false,"timeOffset":0,"beginTime":0,"repeatCount":0,"fillMode":"both","duration":2,"autoreverses":false,"animations":[{"repeatCount":0,"removedOnCompletion":true,"from":{"scalar":0.002},"timingFunction":"EaseInEaseOut","additive":false,"timeOffset":0,"autoreverses":false,"property":"zPosition","fillMode":"both","duration":2,"beginTime":0,"to":{"scalar":0.002}}],"removedOnCompletion":false}],"initialState":{"affineTransform":[1,0,0,1,0,0],"masksToBounds":false,"rotation":0,"scale":1,"position":{"pointX":945.36499368689692,"pointY":195.90701293945312},"width":1726.0997688679345,"sublayerTransform":[1,0,0,0,0,1,0,0,0,0,1,0,0,0,0,1],"contentsRect":{"y":0,"x":0,"width":1,"height":1},"opacity":1,"edgeAntialiasingMask":251658240,"height":2,"hidden":false,"anchorPoint":{"pointX":0.5,"pointY":0.5}},"layers":[{"animations":[],"layers":[],"texturedRectangle":{"singleTextureOpacity":1,"textXHeight":0,"shapePath":{"lineWidth":1,"flatness":0.59999999999999998,"lineCapStyle":0,"elements":[{"type":"MoveToPoint","points":[[1.3151092529296875,2.907012939453125]]},{"type":"AddLine","points":[[1727.4148781208642,2.907012939453125]]}],"windingRule":0,"lineJoinStyle":0,"miterLimit":10},"isBackgroundTexture":true,"textBaseline":0,"isVerticalText":false,"textureType":5},"initialState":{"affineTransform":[1,0,0,1,0,0],"masksToBounds":false,"rotation":0,"scale":1,"position":{"pointX":863.0499267578125,"pointY":1},"width":1729,"sublayerTransform":[1,0,0,0,0,1,0,0,0,0,1,0,0,0,0,1],"contentsRect":{"y":0,"x":0,"width":1,"height":1},"opacity":1,"edgeAntialiasingMask":0,"height":5,"hidden":false,"anchorPoint":{"pointX":0.49992194101257503,"pointY":0.58140258789062504}},"texture":"DB279119010ED2762F2E8F982BBD0863"}]},{"animations":[{"additive":false,"timeOffset":0,"beginTime":0,"repeatCount":0,"fillMode":"both","duration":2,"autoreverses":false,"animations":[{"repeatCount":0,"removedOnCompletion":true,"from":{"scalar":1},"timingFunction":"EaseInEaseOut","additive":false,"timeOffset":0,"autoreverses":false,"property":"opacity","fillMode":"both","duration":2,"beginTime":0,"to":{"scalar":1}},{"repeatCount":0,"removedOnCompletion":true,"from":{"scalar":0.0030000000000000001},"timingFunction":"EaseInEaseOut","additive":false,"timeOffset":0,"autoreverses":false,"property":"zPosition","fillMode":"both","duration":2,"beginTime":0,"to":{"scalar":0.0030000000000000001}}],"removedOnCompletion":false}],"initialState":{"affineTransform":[1,0,0,1,0,0],"masksToBounds":false,"rotation":0,"scale":1,"position":{"pointX":1767.7123718261719,"pointY":118.35956478118896},"width":263.60980224609375,"sublayerTransform":[1,0,0,0,0,1,0,0,0,0,1,0,0,0,0,1],"contentsRect":{"y":0,"x":0,"width":1,"height":1},"opacity":0.77594292163848877,"edgeAntialiasingMask":251658240,"height":263.60980224609375,"hidden":false,"anchorPoint":{"pointX":0.5,"pointY":0.5}},"layers":[{"animations":[{"additive":false,"timeOffset":0,"beginTime":0,"repeatCount":0,"fillMode":"both","duration":2,"autoreverses":false,"animations":[{"repeatCount":0,"removedOnCompletion":true,"from":{"scalar":0.77594292163848877},"timingFunction":"EaseInEaseOut","additive":false,"timeOffset":0,"autoreverses":false,"property":"opacity","fillMode":"both","duration":2,"beginTime":0,"to":{"scalar":0.77594292163848877}}],"removedOnCompletion":false}],"layers":[],"texturedRectangle":{"isBackgroundTexture":true,"singleTextureOpacity":0.77594292163848877,"textureType":5,"textBaseline":0,"textXHeight":0,"isVerticalText":false},"initialState":{"affineTransform":[1,0,0,1,0,0],"masksToBounds":false,"rotation":0,"scale":1,"position":{"pointX":131.80490112304688,"pointY":131.80490112304688},"width":267,"sublayerTransform":[1,0,0,0,0,1,0,0,0,0,1,0,0,0,0,1],"contentsRect":{"y":0,"x":0,"width":1,"height":1},"opacity":1,"edgeAntialiasingMask":0,"height":267,"hidden":false,"anchorPoint":{"pointX":0.50079540009802204,"pointY":0.49947402539771146}},"texture":"649E80B6E5AF2375098394864E7312C9"}]},{"animations":[{"additive":false,"timeOffset":0,"beginTime":0,"repeatCount":0,"fillMode":"both","duration":2,"autoreverses":false,"animations":[{"repeatCount":0,"removedOnCompletion":true,"from":{"scalar":0.0040000000000000001},"timingFunction":"EaseInEaseOut","additive":false,"timeOffset":0,"autoreverses":false,"property":"zPosition","fillMode":"both","duration":2,"beginTime":0,"to":{"scalar":0.0040000000000000001}}],"removedOnCompletion":false}],"initialState":{"affineTransform":[1,0,0,1,0,0],"masksToBounds":false,"rotation":0,"scale":1,"position":{"pointX":487.32841554819606,"pointY":92.805076599121094},"width":826.02661259053275,"sublayerTransform":[1,0,0,0,0,1,0,0,0,0,1,0,0,0,0,1],"contentsRect":{"y":0,"x":0,"width":1,"height":1},"opacity":1,"edgeAntialiasingMask":251658240,"height":106.00000154972076,"hidden":false,"anchorPoint":{"pointX":0.5,"pointY":0.5}},"layers":[{"animations":[{"additive":false,"timeOffset":0,"beginTime":0,"repeatCount":0,"fillMode":"both","duration":2,"autoreverses":false,"animations":[{"repeatCount":0,"removedOnCompletion":true,"from":{"texture":"90F9BF7D872FC17FDD07DCF81E847D74"},"timingFunction":"EaseInEaseOut","additive":false,"timeOffset":0,"autoreverses":false,"property":"contents","fillMode":"both","duration":2,"beginTime":0,"to":{"texture":"90F9BF7D872FC17FDD07DCF81E847D74"}}],"removedOnCompletion":false}],"layers":[],"texturedRectangle":{"singleTextureOpacity":1,"textXHeight":0.60869565217391319,"textBaseline":0.86963808104611828,"isBackgroundTexture":true,"isVerticalText":false,"textColor":[0.46666666865348816,0.46666666865348816,0.46274510025978088,1],"textureType":6},"initialState":{"affineTransform":[1,0,0,1,0,0],"masksToBounds":false,"rotation":0,"scale":1,"position":{"pointX":413.0133056640625,"pointY":53},"width":557,"sublayerTransform":[1,0,0,0,0,1,0,0,0,0,1,0,0,0,0,1],"contentsRect":{"y":0,"x":0,"width":1,"height":1},"opacity":1,"edgeAntialiasingMask":0,"height":69,"hidden":false,"anchorPoint":{"pointX":0.73128979338777766,"pointY":0.50442138875740161}},"texture":"90F9BF7D872FC17FDD07DCF81E847D74"}]},{"animations":[{"additive":false,"timeOffset":0,"beginTime":0,"repeatCount":0,"fillMode":"both","duration":2,"autoreverses":false,"animations":[{"repeatCount":0,"removedOnCompletion":true,"from":{"scalar":0.0050000000000000001},"timingFunction":"EaseInEaseOut","additive":false,"timeOffset":0,"autoreverses":false,"property":"zPosition","fillMode":"both","duration":2,"beginTime":0,"to":{"scalar":0.0050000000000000001}}],"removedOnCompletion":false}],"initialState":{"affineTransform":[1,0,0,1,0,0],"masksToBounds":false,"rotation":0,"scale":1,"position":{"pointX":1767.7123613357544,"pointY":1050.3837890625},"width":58.540201187133789,"sublayerTransform":[1,0,0,0,0,1,0,0,0,0,1,0,0,0,0,1],"contentsRect":{"y":0,"x":0,"width":1,"height":1},"opacity":1,"edgeAntialiasingMask":251658240,"height":34.3819260597229,"hidden":false,"anchorPoint":{"pointX":0.5,"pointY":0.5}},"layers":[{"animations":[{"additive":false,"timeOffset":0,"beginTime":0,"repeatCount":0,"fillMode":"both","duration":2,"autoreverses":false,"animations":[{"repeatCount":0,"removedOnCompletion":true,"from":{"scalar":1},"timingFunction":"EaseInEaseOut","additive":false,"timeOffset":0,"autoreverses":false,"property":"transform.scale.x","fillMode":"both","duration":2,"beginTime":0,"to":{"scalar":1.0357142857142858}},{"repeatCount":0,"removedOnCompletion":true,"from":{"scalar":1},"timingFunction":"EaseInEaseOut","additive":false,"timeOffset":0,"autoreverses":false,"property":"transform.scale.y","fillMode":"both","duration":2,"beginTime":0,"to":{"scalar":1}},{"repeatCount":0,"removedOnCompletion":true,"from":{"texture":"D70AA0F786668D319763232FC241FE92"},"timingFunction":"EaseInEaseOut","additive":false,"timeOffset":0,"autoreverses":false,"property":"contents","fillMode":"both","duration":2,"beginTime":0,"to":{"texture":"7A06DAB0B2A15D2C846ADDF1827CAC34"}},{"repeatCount":0,"removedOnCompletion":true,"from":{"pointX":0,"pointY":0},"timingFunction":"EaseInEaseOut","additive":false,"timeOffset":0,"autoreverses":false,"property":"transform.translation","fillMode":"both","duration":2,"beginTime":0,"to":{"pointX":0.52544151033680464,"pointY":0}}],"removedOnCompletion":false}],"layers":[],"texturedRectangle":{"singleTextureOpacity":1,"textXHeight":0.55000000000000004,"textBaseline":0.87513660192489628,"isBackgroundTexture":true,"isVerticalText":false,"textColor":[0.99991005659103394,1,0.99987798929214478,1],"textureType":6},"initialState":{"affineTransform":[1,0,0,1,0,0],"masksToBounds":false,"rotation":0,"scale":1,"position":{"pointX":29.270101547241211,"pointY":17.190963745117188},"width":28,"sublayerTransform":[1,0,0,0,0,1,0,0,0,0,1,0,0,0,0,1],"contentsRect":{"y":0,"x":0,"width":1,"height":1},"opacity":1,"edgeAntialiasingMask":0,"height":20,"hidden":false,"anchorPoint":{"pointX":0.52544151033673969,"pointY":0.51918948888778682}},"texture":"D70AA0F786668D319763232FC241FE92"}]},{"animations":[{"additive":false,"timeOffset":0,"beginTime":0,"repeatCount":0,"fillMode":"both","duration":2,"autoreverses":false,"animations":[{"repeatCount":0,"removedOnCompletion":true,"from":{"scalar":0.0060000000000000001},"timingFunction":"EaseInEaseOut","additive":false,"timeOffset":0,"autoreverses":false,"property":"zPosition","fillMode":"both","duration":2,"beginTime":0,"to":{"scalar":0.0060000000000000001}}],"removedOnCompletion":false}],"initialState":{"affineTransform":[1,0,0,1,0,0],"masksToBounds":false,"rotation":0,"scale":1,"position":{"pointX":381.16624013171531,"pointY":157.87704467773438},"width":597.70226175757125,"sublayerTransform":[1,0,0,0,0,1,0,0,0,0,1,0,0,0,0,1],"contentsRect":{"y":0,"x":0,"width":1,"height":1},"opacity":1,"edgeAntialiasingMask":251658240,"height":37.143922090530396,"hidden":false,"anchorPoint":{"pointX":0.5,"pointY":0.5}},"layers":[{"animations":[{"additive":false,"timeOffset":0,"beginTime":0,"repeatCount":0,"fillMode":"both","duration":2,"autoreverses":false,"animations":[{"repeatCount":0,"removedOnCompletion":true,"from":{"texture":"CC652652C4CBB9763290793D4BD651D7"},"timingFunction":"EaseInEaseOut","additive":false,"timeOffset":0,"autoreverses":false,"property":"contents","fillMode":"both","duration":2,"beginTime":0,"to":{"texture":"CC652652C4CBB9763290793D4BD651D7"}}],"removedOnCompletion":false}],"layers":[],"texturedRectangle":{"singleTextureOpacity":1,"textXHeight":0.46153846153846156,"textBaseline":0.7240377343617953,"isBackgroundTexture":true,"isVerticalText":false,"textColor":[0.46666666865348816,0.46666666865348816,0.46274510025978088,1],"textureType":6},"initialState":{"affineTransform":[1,0,0,1,0,0],"masksToBounds":false,"rotation":0,"scale":1,"position":{"pointX":298.85113525390625,"pointY":18.57196044921875},"width":199,"sublayerTransform":[1,0,0,0,0,1,0,0,0,0,1,0,0,0,0,1],"contentsRect":{"y":0,"x":0,"width":1,"height":1},"opacity":1,"edgeAntialiasingMask":0,"height":26,"hidden":false,"anchorPoint":{"pointX":1.4782223342052057,"pointY":0.41834784929568952}},"texture":"CC652652C4CBB9763290793D4BD651D7"}]},{"animations":[{"additive":false,"timeOffset":0,"beginTime":0,"repeatCount":0,"fillMode":"both","duration":2,"autoreverses":false,"animations":[{"repeatCount":0,"removedOnCompletion":true,"from":{"scalar":0.0070000000000000001},"timingFunction":"EaseInEaseOut","additive":false,"timeOffset":0,"autoreverses":false,"property":"zPosition","fillMode":"both","duration":2,"beginTime":0,"to":{"scalar":0.0070000000000000001}}],"removedOnCompletion":false}],"initialState":{"affineTransform":[1,0,0,1,0,0],"masksToBounds":false,"rotation":0,"scale":1,"position":{"pointX":381.16623913752846,"pointY":1050.3837890625},"width":728.90000223135576,"sublayerTransform":[1,0,0,0,0,1,0,0,0,0,1,0,0,0,0,1],"contentsRect":{"y":0,"x":0,"width":1,"height":1},"opacity":1,"edgeAntialiasingMask":251658240,"height":38.000000506639481,"hidden":false,"anchorPoint":{"pointX":0.5,"pointY":0.5}},"layers":[{"animations":[{"additive":false,"timeOffset":0,"beginTime":0,"repeatCount":0,"fillMode":"both","duration":2,"autoreverses":false,"animations":[{"repeatCount":0,"removedOnCompletion":true,"from":{"texture":"0B0A7B6440E0082F4BE7054819E8DB2B"},"timingFunction":"EaseInEaseOut","additive":false,"timeOffset":0,"autoreverses":false,"property":"contents","fillMode":"both","duration":2,"beginTime":0,"to":{"texture":"0B0A7B6440E0082F4BE7054819E8DB2B"}}],"removedOnCompletion":false}],"layers":[],"texturedRectangle":{"singleTextureOpacity":1,"textXHeight":0.48888888888888887,"textBaseline":0.73717680187137036,"isBackgroundTexture":true,"isVerticalText":false,"textColor":[0.46666666865348816,0.46666666865348816,0.46274510025978088,1],"textureType":6},"initialState":{"affineTransform":[1,0,0,1,0,0],"masksToBounds":false,"rotation":0,"scale":1,"position":{"pointX":364.45001220703125,"pointY":19},"width":305,"sublayerTransform":[1,0,0,0,0,1,0,0,0,0,1,0,0,0,0,1],"contentsRect":{"y":0,"x":0,"width":1,"height":1},"opacity":1,"edgeAntialiasingMask":0,"height":27,"hidden":false,"anchorPoint":{"pointX":1.1841516400946945,"pointY":0.45865884478445407}},"texture":"0B0A7B6440E0082F4BE7054819E8DB2B"}]},{"animations":[{"additive":false,"timeOffset":0,"beginTime":0,"repeatCount":0,"fillMode":"both","duration":2,"autoreverses":false,"animations":[{"repeatCount":0,"removedOnCompletion":true,"from":{"scalar":1},"timingFunction":"EaseInEaseOut","additive":false,"timeOffset":0,"autoreverses":false,"property":"opacity","fillMode":"both","duration":2,"beginTime":0,"to":{"scalar":1}},{"repeatCount":0,"removedOnCompletion":true,"from":{"scalar":0.0080000000000000002},"timingFunction":"EaseInEaseOut","additive":false,"timeOffset":0,"autoreverses":false,"property":"zPosition","fillMode":"both","duration":2,"beginTime":0,"to":{"scalar":0.0080000000000000002}}],"removedOnCompletion":false}],"initialState":{"affineTransform":[1,0,0,1,0,0],"masksToBounds":false,"rotation":0,"scale":1,"position":{"pointX":960.00003051757812,"pointY":256.77304077148438},"width":324.42425537109375,"sublayerTransform":[1,0,0,0,0,1,0,0,0,0,1,0,0,0,0,1],"contentsRect":{"y":0,"x":0,"width":1,"height":1},"opacity":0.80002689361572266,"edgeAntialiasingMask":251658240,"height":106,"hidden":false,"anchorPoint":{"pointX":0.5,"pointY":0.5}},"layers":[{"animations":[{"additive":false,"timeOffset":0,"beginTime":0,"repeatCount":0,"fillMode":"both","duration":2,"autoreverses":false,"animations":[{"repeatCount":0,"removedOnCompletion":true,"from":{"scalar":0.80002689361572266},"timingFunction":"EaseInEaseOut","additive":false,"timeOffset":0,"autoreverses":false,"property":"opacity","fillMode":"both","duration":2,"beginTime":0,"to":{"scalar":0.80002689361572266}}],"removedOnCompletion":false}],"layers":[],"texturedRectangle":{"isBackgroundTexture":true,"singleTextureOpacity":0.80002689361572266,"textureType":5,"textBaseline":0,"textXHeight":0,"isVerticalText":false},"initialState":{"affineTransform":[1,0,0,1,0,0],"masksToBounds":false,"rotation":0,"scale":1,"position":{"pointX":162.21212768554688,"pointY":53},"width":328,"sublayerTransform":[1,0,0,0,0,1,0,0,0,0,1,0,0,0,0,1],"contentsRect":{"y":0,"x":0,"width":1,"height":1},"opacity":1,"edgeAntialiasingMask":0,"height":109,"hidden":false,"anchorPoint":{"pointX":0.5000000930413967,"pointY":0.50250496120627863}},"texture":"74A76CAB39CC5781F928F59BED38D5C9"}]},{"animations":[{"additive":false,"timeOffset":0,"beginTime":0,"repeatCount":0,"fillMode":"both","duration":2,"autoreverses":false,"animations":[{"repeatCount":0,"removedOnCompletion":true,"from":{"scalar":0.0090000000000000011},"timingFunction":"EaseInEaseOut","additive":false,"timeOffset":0,"autoreverses":false,"property":"zPosition","fillMode":"both","duration":2,"beginTime":0,"to":{"scalar":0.0090000000000000011}}],"removedOnCompletion":false}],"initialState":{"affineTransform":[1,0,0,1,0,0],"masksToBounds":false,"rotation":0,"scale":1,"position":{"pointX":960,"pointY":384.51522827148438},"width":909.8194580078125,"sublayerTransform":[1,0,0,0,0,1,0,0,0,0,1,0,0,0,0,1],"contentsRect":{"y":0,"x":0,"width":1,"height":1},"opacity":1,"edgeAntialiasingMask":251658240,"height":77,"hidden":false,"anchorPoint":{"pointX":0.5,"pointY":0.5}},"layers":[{"animations":[{"additive":false,"timeOffset":0,"beginTime":0,"repeatCount":0,"fillMode":"both","duration":2,"autoreverses":false,"animations":[{"repeatCount":0,"removedOnCompletion":true,"from":{"texture":"289440CE5BA26DFFA38EC6C7DB07B516"},"timingFunction":"EaseInEaseOut","additive":false,"timeOffset":0,"autoreverses":false,"property":"contents","fillMode":"both","duration":2,"beginTime":0,"to":{"texture":"289440CE5BA26DFFA38EC6C7DB07B516"}}],"removedOnCompletion":false}],"layers":[],"texturedRectangle":{"singleTextureOpacity":1,"textXHeight":0,"shapePath":{"lineWidth":1,"flatness":0.59999999999999998,"lineCapStyle":0,"elements":[{"type":"MoveToPoint","points":[[26.020245996093763,3.015228271484375]]},{"type":"AddLine","points":[[885.97975400390624,3.015228271484375]]},{"type":"AddCurve","points":[[892.70853805767388,3.015228271484375],[896.74580848993446,3.015228271484375],[899.43732211144152,4.1388990891896356]]},{"type":"AddCurve","points":[[903.31737160452008,5.5511216121499274],[906.3738356632407,8.6075856708706056],[907.78605818620099,12.487635163949278]]},{"type":"AddCurve","points":[[908.90972900390625,15.179148785456277],[908.90972900390625,19.216419217716805],[908.90972900390625,25.945203271484388]]},{"type":"AddLine","points":[[908.90972900390625,53.085253271484362]]},{"type":"AddCurve","points":[[908.90972900390625,59.814037325251945],[908.90972900390625,63.851307757512473],[907.78605818620099,66.542821379019472]]},{"type":"AddCurve","points":[[906.3738356632407,70.422870872098201],[903.31737160452008,73.479334930818823],[899.43732211144152,74.891557453779114]]},{"type":"AddCurve","points":[[896.74580848993446,76.015228271484375],[892.70853805767388,76.015228271484375],[885.97975400390624,76.015228271484375]]},{"type":"AddLine","points":[[26.020245996093763,76.015228271484375]]},{"type":"AddCurve","points":[[19.291461942326237,76.015228271484375],[15.254191510065652,76.015228271484375],[12.562677888558596,74.891557453779114]]},{"type":"AddCurve","points":[[8.6826283954799237,73.479334930818823],[5.6261643367593024,70.422870872098201],[4.2139418137990106,66.542821379019472]]},{"type":"AddCurve","points":[[3.09027099609375,63.851307757512473],[3.09027099609375,59.814037325251945],[3.09027099609375,53.085253271484362]]},{"type":"AddLine","points":[[3.09027099609375,25.945203271484388]]},{"type":"AddCurve","points":[[3.09027099609375,19.216419217716805],[3.09027099609375,15.179148785456277],[4.2139418137990106,12.487635163949278]]},{"type":"AddCurve","points":[[5.6261643367593024,8.6075856708706056],[8.6826283954799237,5.5511216121499274],[12.562677888558596,4.1388990891896356]]},{"type":"AddCurve","points":[[15.254191510065652,3.015228271484375],[19.291461942326237,3.015228271484375],[26.020245996093763,3.015228271484375]]},{"type":"CloseSubpath"},{"type":"MoveToPoint","points":[[26.020245996093763,3.015228271484375]]}],"windingRule":0,"lineJoinStyle":0,"miterLimit":10},"isBackgroundTexture":true,"textBaseline":0,"isVerticalText":false,"textureType":5},"initialState":{"affineTransform":[1,0,0,1,0,0],"masksToBounds":false,"rotation":0,"scale":1,"position":{"pointX":454.90972900390625,"pointY":38.5},"width":912,"sublayerTransform":[1,0,0,0,0,1,0,0,0,0,1,0,0,0,0,1],"contentsRect":{"y":0,"x":0,"width":1,"height":1},"opacity":1,"edgeAntialiasingMask":0,"height":80,"hidden":false,"anchorPoint":{"pointX":0.5,"pointY":0.49394035339355469}},"texture":"289440CE5BA26DFFA38EC6C7DB07B516"}]},{"animations":[{"additive":false,"timeOffset":0,"beginTime":0,"repeatCount":0,"fillMode":"both","duration":2,"autoreverses":false,"animations":[{"repeatCount":0,"removedOnCompletion":true,"from":{"scalar":0.01},"timingFunction":"EaseInEaseOut","additive":false,"timeOffset":0,"autoreverses":false,"property":"zPosition","fillMode":"both","duration":2,"beginTime":0,"to":{"scalar":0.01}}],"removedOnCompletion":false}],"initialState":{"affineTransform":[1,0,0,1,0,0],"masksToBounds":false,"rotation":0,"scale":1,"position":{"pointX":1372.1902738117583,"pointY":384.51522840191433},"width":31.691338573293478,"sublayerTransform":[1,0,0,0,0,1,0,0,0,0,1,0,0,0,0,1],"contentsRect":{"y":0,"x":0,"width":1,"height":1},"opacity":1,"edgeAntialiasingMask":251658240,"height":37.143921068552231,"hidden":false,"anchorPoint":{"pointX":0.5,"pointY":0.5}},"layers":[{"animations":[{"additive":false,"timeOffset":0,"beginTime":0,"repeatCount":0,"fillMode":"both","duration":2,"autoreverses":false,"animations":[{"repeatCount":0,"removedOnCompletion":true,"from":{"texture":"74F770FCCFC8E06335EC28AD4329FAE5"},"timingFunction":"EaseInEaseOut","additive":false,"timeOffset":0,"autoreverses":false,"property":"contents","fillMode":"both","duration":2,"beginTime":0,"to":{"texture":"07D029E88FA833BBD107AF6CB88A0851"}},{"repeatCount":0,"removedOnCompletion":true,"from":{"pointX":0,"pointY":0},"timingFunction":"EaseInEaseOut","additive":false,"timeOffset":0,"autoreverses":false,"property":"transform.translation","fillMode":"both","duration":2,"beginTime":0,"to":{"pointX":1,"pointY":0}}],"removedOnCompletion":false}],"layers":[],"texturedRectangle":{"singleTextureOpacity":1,"textXHeight":0,"shapePath":{"lineWidth":1,"flatness":0.59999999999999998,"lineCapStyle":0,"elements":[{"type":"MoveToPoint","points":[[13.660971164380271,1.9510129680390378]]},{"type":"AddCurve","points":[[11.198863974083679,2.0365200038216926],[8.7377557286472438,2.8297891605708969],[6.6006499351030925,4.3857064070394927]]},{"type":"AddCurve","points":[[0.90131934520240975,8.5347256050937403],[-0.36040132580251338,16.547283649066003],[3.7887092437354113,22.246895576216502]]},{"type":"AddCurve","points":[[7.3520562589990277,27.141773174873379],[13.932361103355333,28.868771581835063],[19.435750961446274,26.353082891408576]]},{"type":"AddLine","points":[[19.824605480444689,26.176067042485101]]},{"type":"AddLine","points":[[20.048051733899001,26.53880443782009]]},{"type":"AddCurve","points":[[20.06727398350813,26.569727800772398],[20.081320140103799,26.592257193685782],[20.097384023622681,26.614253816049768]]},{"type":"AddLine","points":[[28.820493606527407,38.596195458755119]]},{"type":"AddCurve","points":[[29.007235366846317,38.85295685693427],[29.284363925231446,39.022233363461964],[29.601104543919746,39.072106921434624]]},{"type":"AddCurve","points":[[29.918131385107017,39.121971977749581],[30.235597478644195,39.047384100833824],[30.491987658341486,38.860268282558991]]},{"type":"AddLine","points":[[32.543630530967448,37.365790213778837]]},{"type":"AddCurve","points":[[33.076744023333504,36.977817064494957],[33.19577007461362,36.227593948251069],[32.807703375958909,35.694296296075208]]},{"type":"AddLine","points":[[24.084593793054182,23.712354653369857]]},{"type":"AddCurve","points":[[24.047727768409459,23.661560082479355],[24.005619054427143,23.615964275274337],[23.962714018442739,23.573063493561222]]},{"type":"AddLine","points":[[23.65221078312311,23.259658383991791]]},{"type":"AddLine","points":[[23.933695024487633,22.920136181958242]]},{"type":"AddCurve","points":[[27.699850340357216,18.411653258138358],[27.915588423542204,11.946177998456051],[24.458938815075044,7.1976465185584857]]},{"type":"AddCurve","points":[[21.865685042527048,3.6355073788257641],[17.764482203579519,1.8085013044639027],[13.660971164380271,1.9510129680390378]]},{"type":"CloseSubpath"},{"type":"MoveToPoint","points":[[13.698695856521908,4.6178583400538855]]},{"type":"AddCurve","points":[[14.358995575275003,4.5919544975038207],[15.027230175187469,4.6316483830841548],[15.69520264063317,4.7368362057237619]]},{"type":"AddCurve","points":[[18.366435040834176,5.1573095983460462],[20.712182866697731,6.5897347760222829],[22.299925664815191,8.7704758647309973]]},{"type":"AddCurve","points":[[25.581441110545484,13.279052306785616],[24.585179940438138,19.617841531147178],[20.077070727854107,22.899822887819482]]},{"type":"AddCurve","points":[[18.284392620473227,24.204981792036733],[16.201180256376574,24.832490564050204],[14.136882665244002,24.832487730164303]]},{"type":"AddCurve","points":[[11.010074022565277,24.832487730164303],[7.9246387004186545,23.3898740242023],[5.9477225711132178,20.674066230043991]]},{"type":"AddCurve","points":[[2.665743785001041,16.165768925750626],[3.6620940454033644,9.8296903132534226],[8.1705775080743024,6.5476211061181857]]},{"type":"AddCurve","points":[[9.8058559121102462,5.3570996170776084],[11.717795283319902,4.69556986770408],[13.698695856521908,4.6178583400538855]]},{"type":"CloseSubpath"},{"type":"MoveToPoint","points":[[13.698695856521908,4.6178583400538855]]}],"windingRule":0,"lineJoinStyle":0,"miterLimit":10},"isBackgroundTexture":true,"textBaseline":0,"isVerticalText":false,"textureType":5},"initialState":{"affineTransform":[1,0,0,1,0,0],"masksToBounds":false,"rotation":0,"scale":1,"position":{"pointX":15.845668759800446,"pointY":18.571960403846163},"width":35,"sublayerTransform":[1,0,0,0,0,1,0,0,0,0,1,0,0,0,0,1],"contentsRect":{"y":0,"x":0,"width":1,"height":1},"opacity":1,"edgeAntialiasingMask":0,"height":41,"hidden":false,"anchorPoint":{"pointX":0.49115066528320311,"pointY":0.50037142125571643}},"texture":"74F770FCCFC8E06335EC28AD4329FAE5"}]},{"animations":[{"additive":false,"timeOffset":0,"beginTime":0,"repeatCount":0,"fillMode":"both","duration":2,"autoreverses":false,"animations":[{"repeatCount":0,"removedOnCompletion":true,"from":{"scalar":0.010999999999999999},"timingFunction":"EaseInEaseOut","additive":false,"timeOffset":0,"autoreverses":false,"property":"zPosition","fillMode":"both","duration":2,"beginTime":0,"to":{"scalar":0.010999999999999999}}],"removedOnCompletion":false}],"initialState":{"affineTransform":[1,0,0,1,0,0],"masksToBounds":false,"rotation":0,"scale":1,"position":{"pointX":960,"pointY":384.51522827148438},"width":576.6416072845459,"sublayerTransform":[1,0,0,0,0,1,0,0,0,0,1,0,0,0,0,1],"contentsRect":{"y":0,"x":0,"width":1,"height":1},"opacity":1,"edgeAntialiasingMask":251658240,"height":70.999997854232788,"hidden":false,"anchorPoint":{"pointX":0.5,"pointY":0.5}},"layers":[{"animations":[{"additive":false,"timeOffset":0,"beginTime":0,"repeatCount":0,"fillMode":"both","duration":2,"autoreverses":false,"animations":[{"repeatCount":0,"removedOnCompletion":true,"from":{"scalar":1},"timingFunction":"EaseInEaseOut","additive":false,"timeOffset":0,"autoreverses":false,"property":"opacity","fillMode":"forwards","duration":0.66659999999999997,"beginTime":0,"to":{"scalar":0}},{"additive":false,"timeOffset":0,"beginTime":0.66659999999999997,"from":{"scalar":true},"repeatCount":0,"fillMode":"forwards","duration":1.3334000000000001,"autoreverses":false,"property":"hidden","to":{"scalar":true},"removedOnCompletion":true}],"removedOnCompletion":false}],"layers":[],"texturedRectangle":{"singleTextureOpacity":1,"textXHeight":0.63601932010135132,"textBaseline":0.9112215767035613,"isBackgroundTexture":true,"isVerticalText":false,"textColor":[0.46666666865348816,0.46666666865348816,0.46274510025978088,1],"textureType":6},"initialState":{"affineTransform":[1,0,0,1,0,0],"masksToBounds":false,"rotation":0,"scale":1,"position":{"pointX":288.32080078125,"pointY":35.5},"width":91,"sublayerTransform":[1,0,0,0,0,1,0,0,0,0,1,0,0,0,0,1],"contentsRect":{"y":0,"x":0,"width":1,"height":1},"opacity":1,"edgeAntialiasingMask":0,"height":37,"hidden":false,"anchorPoint":{"pointX":-1.0109890424288237,"pointY":0.47338457687481028}},"texture":"03A4EA19AAA36F9E44FDB8971BE8E6F2"}]},{"animations":[{"additive":false,"timeOffset":0,"beginTime":0,"repeatCount":0,"fillMode":"both","duration":2,"autoreverses":false,"animations":[{"repeatCount":0,"removedOnCompletion":true,"from":{"scalar":0.012},"timingFunction":"EaseInEaseOut","additive":false,"timeOffset":0,"autoreverses":false,"property":"zPosition","fillMode":"both","duration":2,"beginTime":0,"to":{"scalar":0.012}}],"removedOnCompletion":false}],"initialState":{"affineTransform":[1,0,0,1,0,0],"masksToBounds":false,"rotation":0,"scale":1,"position":{"pointX":960,"pointY":384.51522827148438},"width":576.6416072845459,"sublayerTransform":[1,0,0,0,0,1,0,0,0,0,1,0,0,0,0,1],"contentsRect":{"y":0,"x":0,"width":1,"height":1},"opacity":1,"edgeAntialiasingMask":251658240,"height":70.999997854232788,"hidden":false,"anchorPoint":{"pointX":0.5,"pointY":0.5}},"layers":[{"animations":[{"additive":false,"timeOffset":0,"beginTime":0,"repeatCount":0,"fillMode":"both","duration":2,"autoreverses":false,"animations":[{"repeatCount":0,"removedOnCompletion":true,"from":{"texture":"E50E399A7ACD6AE06F38F87BC2D6736F"},"timingFunction":"EaseInEaseOut","additive":false,"timeOffset":0,"autoreverses":false,"property":"contents","fillMode":"both","duration":2,"beginTime":0,"to":{"texture":"D802176232F738411F0CA129A1DA7447"}},{"repeatCount":0,"removedOnCompletion":true,"from":{"pointX":0,"pointY":0},"timingFunction":"EaseInEaseOut","additive":false,"timeOffset":0,"autoreverses":false,"property":"transform.translation","fillMode":"both","duration":2,"beginTime":0,"to":{"pointX":-17,"pointY":0}}],"removedOnCompletion":false}],"layers":[],"texturedRectangle":{"singleTextureOpacity":1,"textXHeight":0.59999999999999998,"textBaseline":0.83811551862292821,"isBackgroundTexture":true,"isVerticalText":false,"textColor":[0.46666666865348816,0.46666666865348816,0.46274510025978088,1],"textureType":6},"initialState":{"affineTransform":[1,0,0,1,0,0],"masksToBounds":false,"rotation":0,"scale":1,"position":{"pointX":288.32080078125,"pointY":35.5},"width":89,"sublayerTransform":[1,0,0,0,0,1,0,0,0,0,1,0,0,0,0,1],"contentsRect":{"y":0,"x":0,"width":1,"height":1},"opacity":1,"edgeAntialiasingMask":0,"height":45,"hidden":false,"anchorPoint":{"pointX":-2.1797753130452016,"pointY":0.47811620765262181}},"texture":"E50E399A7ACD6AE06F38F87BC2D6736F"}]},{"animations":[{"additive":false,"timeOffset":0,"beginTime":0,"repeatCount":0,"fillMode":"both","duration":2,"autoreverses":false,"animations":[{"repeatCount":0,"removedOnCompletion":true,"from":{"scalar":0.013000000000000001},"timingFunction":"EaseInEaseOut","additive":false,"timeOffset":0,"autoreverses":false,"property":"zPosition","fillMode":"both","duration":2,"beginTime":0,"to":{"scalar":0.013000000000000001}}],"removedOnCompletion":false}],"initialState":{"affineTransform":[1,0,0,1,0,0],"masksToBounds":false,"rotation":0,"scale":1,"position":{"pointX":960,"pointY":384.51522827148438},"width":576.6416072845459,"sublayerTransform":[1,0,0,0,0,1,0,0,0,0,1,0,0,0,0,1],"contentsRect":{"y":0,"x":0,"width":1,"height":1},"opacity":1,"edgeAntialiasingMask":251658240,"height":70.999997854232788,"hidden":false,"anchorPoint":{"pointX":0.5,"pointY":0.5}},"layers":[{"animations":[{"additive":false,"timeOffset":0,"beginTime":0,"repeatCount":0,"fillMode":"both","duration":2,"autoreverses":false,"animations":[{"repeatCount":0,"removedOnCompletion":true,"from":{"texture":"5D03374FE2F5CBD542AA6D84373D0EA5"},"timingFunction":"EaseInEaseOut","additive":false,"timeOffset":0,"autoreverses":false,"property":"contents","fillMode":"both","duration":2,"beginTime":0,"to":{"texture":"5FCAA46117FEE0C6B69110CC613ECF8E"}},{"repeatCount":0,"removedOnCompletion":true,"from":{"pointX":0,"pointY":0},"timingFunction":"EaseInEaseOut","additive":false,"timeOffset":0,"autoreverses":false,"property":"transform.translation","fillMode":"both","duration":2,"beginTime":0,"to":{"pointX":18,"pointY":0}}],"removedOnCompletion":false}],"layers":[],"texturedRectangle":{"singleTextureOpacity":1,"textXHeight":0.51158075747282605,"textBaseline":0.84163474647895153,"isBackgroundTexture":true,"isVerticalText":false,"textColor":[0.46666666865348816,0.46666666865348816,0.46274510025978088,1],"textureType":6},"initialState":{"affineTransform":[1,0,0,1,0,0],"masksToBounds":false,"rotation":0,"scale":1,"position":{"pointX":288.32080078125,"pointY":35.5},"width":379,"sublayerTransform":[1,0,0,0,0,1,0,0,0,0,1,0,0,0,0,1],"contentsRect":{"y":0,"x":0,"width":1,"height":1},"opacity":1,"edgeAntialiasingMask":0,"height":46,"hidden":false,"anchorPoint":{"pointX":0.75197888427170723,"pointY":0.48946150748626044}},"texture":"5D03374FE2F5CBD542AA6D84373D0EA5"}]},{"animations":[{"additive":false,"timeOffset":0,"beginTime":0,"repeatCount":0,"fillMode":"both","duration":2,"autoreverses":false,"animations":[{"repeatCount":0,"removedOnCompletion":true,"from":{"scalar":0.014},"timingFunction":"EaseInEaseOut","additive":false,"timeOffset":0,"autoreverses":false,"property":"zPosition","fillMode":"both","duration":2,"beginTime":0,"to":{"scalar":0.014}}],"removedOnCompletion":false}],"initialState":{"affineTransform":[1,0,0,1,0,0],"masksToBounds":false,"rotation":0,"scale":1,"position":{"pointX":960,"pointY":384.51522827148438},"width":541.57323837280273,"sublayerTransform":[1,0,0,0,0,1,0,0,0,0,1,0,0,0,0,1],"contentsRect":{"y":0,"x":0,"width":1,"height":1},"opacity":1,"edgeAntialiasingMask":251658240,"height":70.999997854232788,"hidden":false,"anchorPoint":{"pointX":0.5,"pointY":0.5}},"layers":[{"animations":[{"additive":false,"timeOffset":0,"beginTime":0,"repeatCount":0,"fillMode":"both","duration":2,"autoreverses":false,"animations":[{"repeatCount":0,"removedOnCompletion":true,"from":{"scalar":0},"timingFunction":"EaseInEaseOut","additive":false,"timeOffset":0,"autoreverses":false,"property":"opacity","fillMode":"both","duration":0.66659999999999997,"beginTime":1.3334000000000001,"to":{"scalar":1}},{"additive":false,"timeOffset":0,"beginTime":1.3334000000000001,"from":{"scalar":false},"repeatCount":0,"fillMode":"forwards","duration":0.66659999999999986,"autoreverses":false,"property":"hidden","to":{"scalar":false},"removedOnCompletion":true}],"removedOnCompletion":false}],"layers":[],"texturedRectangle":{"singleTextureOpacity":1,"textXHeight":0.81147292564655171,"textBaseline":0.88673097717350924,"isBackgroundTexture":true,"isVerticalText":false,"textColor":[0.46666666865348816,0.46666666865348816,0.46274510025978088,1],"textureType":6},"initialState":{"affineTransform":[1,0,0,1,0,0],"masksToBounds":false,"rotation":0,"scale":1,"position":{"pointX":270.78662109375,"pointY":35.5},"width":56,"sublayerTransform":[1,0,0,0,0,1,0,0,0,0,1,0,0,0,0,1],"contentsRect":{"y":0,"x":0,"width":1,"height":1},"opacity":1,"edgeAntialiasingMask":0,"height":29,"hidden":true,"anchorPoint":{"pointX":-1.9642856802259172,"pointY":0.32811135670234415}},"texture":"0BABC01880D058FD8BE360CD0F37231E"}]},{"animations":[{"additive":false,"timeOffset":0,"beginTime":0,"repeatCount":0,"fillMode":"both","duration":2,"autoreverses":false,"animations":[{"repeatCount":0,"removedOnCompletion":true,"from":{"scalar":0.014999999999999999},"timingFunction":"EaseInEaseOut","additive":false,"timeOffset":0,"autoreverses":false,"property":"zPosition","fillMode":"both","duration":2,"beginTime":0,"to":{"scalar":0.014999999999999999}}],"removedOnCompletion":false}],"initialState":{"affineTransform":[1,0,0,1,0,0],"masksToBounds":false,"rotation":0,"scale":1,"position":{"pointX":960,"pointY":455.97432484669849},"width":728.90625,"sublayerTransform":[1,0,0,0,0,1,0,0,0,0,1,0,0,0,0,1],"contentsRect":{"y":0,"x":0,"width":1,"height":1},"opacity":1,"edgeAntialiasingMask":251658240,"height":46.320109654334374,"hidden":false,"anchorPoint":{"pointX":0.5,"pointY":0.5}},"layers":[{"animations":[],"layers":[],"texturedRectangle":{"isBackgroundTexture":true,"singleTextureOpacity":1,"textureType":5,"textBaseline":0,"textXHeight":0,"isVerticalText":false},"initialState":{"affineTransform":[1,0,0,1,0,0],"masksToBounds":false,"rotation":0,"scale":1,"position":{"pointX":364.45001220703125,"pointY":23.160054827167187},"width":732,"sublayerTransform":[1,0,0,0,0,1,0,0,0,0,1,0,0,0,0,1],"contentsRect":{"y":0,"x":0,"width":1,"height":1},"opacity":1,"edgeAntialiasingMask":0,"height":50,"hidden":false,"anchorPoint":{"pointX":0.49999574755058912,"pointY":0.49948649693396985}},"texture":"9459A9E4CE6E2E395113690F5B27E2D7"}]},{"animations":[{"additive":false,"timeOffset":0,"beginTime":0,"repeatCount":0,"fillMode":"both","duration":2,"autoreverses":false,"animations":[{"repeatCount":0,"removedOnCompletion":true,"from":{"scalar":0.016},"timingFunction":"EaseInEaseOut","additive":false,"timeOffset":0,"autoreverses":false,"property":"zPosition","fillMode":"both","duration":2,"beginTime":0,"to":{"scalar":0.016}}],"removedOnCompletion":false}],"initialState":{"affineTransform":[1,0,0,1,0,0],"masksToBounds":false,"rotation":0,"scale":1,"position":{"pointX":960.00003051757812,"pointY":748.46661376953125},"width":868.58123779296875,"sublayerTransform":[1,0,0,0,0,1,0,0,0,0,1,0,0,0,0,1],"contentsRect":{"y":0,"x":0,"width":1,"height":1},"opacity":1,"edgeAntialiasingMask":251658240,"height":535.08160400390625,"hidden":false,"anchorPoint":{"pointX":0.5,"pointY":0.5}},"layers":[{"animations":[{"additive":false,"timeOffset":0,"beginTime":0,"repeatCount":0,"fillMode":"both","duration":2,"autoreverses":false,"animations":[{"repeatCount":0,"removedOnCompletion":true,"from":{"scalar":1},"timingFunction":"EaseInEaseOut","additive":false,"timeOffset":0,"autoreverses":false,"property":"opacity","fillMode":"forwards","duration":0.66659999999999997,"beginTime":0,"to":{"scalar":0}},{"additive":false,"timeOffset":0,"beginTime":0.66659999999999997,"from":{"scalar":true},"repeatCount":0,"fillMode":"forwards","duration":1.3334000000000001,"autoreverses":false,"property":"hidden","to":{"scalar":true},"removedOnCompletion":true}],"removedOnCompletion":false}],"layers":[],"texturedRectangle":{"isBackgroundTexture":true,"singleTextureOpacity":1,"textureType":5,"textBaseline":0,"textXHeight":0,"isVerticalText":false},"initialState":{"affineTransform":[1,0,0,1,0,0],"masksToBounds":false,"rotation":0,"scale":1,"position":{"pointX":434.29061889648438,"pointY":267.54080200195312},"width":872,"sublayerTransform":[1,0,0,0,0,1,0,0,0,0,1,0,0,0,0,1],"contentsRect":{"y":0,"x":0,"width":1,"height":1},"opacity":1,"edgeAntialiasingMask":0,"height":539,"hidden":false,"anchorPoint":{"pointX":0.50000003499722268,"pointY":0.49993805894161641}},"texture":"AB6E21EA9D3265B663953A84BFB960B3"}]},{"animations":[{"additive":false,"timeOffset":0,"beginTime":0,"repeatCount":0,"fillMode":"both","duration":2,"autoreverses":false,"animations":[{"repeatCount":0,"removedOnCompletion":true,"from":{"scalar":0.017000000000000001},"timingFunction":"EaseInEaseOut","additive":false,"timeOffset":0,"autoreverses":false,"property":"zPosition","fillMode":"both","duration":2,"beginTime":0,"to":{"scalar":0.017000000000000001}}],"removedOnCompletion":false}],"initialState":{"affineTransform":[1,0,0,1,0,0],"masksToBounds":false,"rotation":0,"scale":1,"position":{"pointX":960,"pointY":753.25527954101562},"width":855.296630859375,"sublayerTransform":[1,0,0,0,0,1,0,0,0,0,1,0,0,0,0,1],"contentsRect":{"y":0,"x":0,"width":1,"height":1},"opacity":1,"edgeAntialiasingMask":251658240,"height":537.699462890625,"hidden":false,"anchorPoint":{"pointX":0.5,"pointY":0.5}},"layers":[{"animations":[{"additive":false,"timeOffset":0,"beginTime":0,"repeatCount":0,"fillMode":"both","duration":2,"autoreverses":false,"animations":[{"repeatCount":0,"removedOnCompletion":true,"from":{"scalar":0},"timingFunction":"EaseInEaseOut","additive":false,"timeOffset":0,"autoreverses":false,"property":"opacity","fillMode":"both","duration":0.66659999999999997,"beginTime":1.3334000000000001,"to":{"scalar":1}},{"additive":false,"timeOffset":0,"beginTime":1.3334000000000001,"from":{"scalar":false},"repeatCount":0,"fillMode":"forwards","duration":0.66659999999999986,"autoreverses":false,"property":"hidden","to":{"scalar":false},"removedOnCompletion":true}],"removedOnCompletion":false}],"layers":[],"texturedRectangle":{"isBackgroundTexture":true,"singleTextureOpacity":1,"textureType":5,"textBaseline":0,"textXHeight":0,"isVerticalText":false},"initialState":{"affineTransform":[1,0,0,1,0,0],"masksToBounds":false,"rotation":0,"scale":1,"position":{"pointX":427.6483154296875,"pointY":268.8497314453125},"width":858,"sublayerTransform":[1,0,0,0,0,1,0,0,0,0,1,0,0,0,0,1],"contentsRect":{"y":0,"x":0,"width":1,"height":1},"opacity":1,"edgeAntialiasingMask":0,"height":541,"hidden":true,"anchorPoint":{"pointX":0.5,"pointY":0.49954765164697895}},"texture":"B8810C1A9B587F01E013AE578A2FB696"}]}]},"effects":[],"duration":2,"type":"transition","attributes":{"direction":0},"name":"apple:magic-move-implied-motion-path","objectID":"0"}],"automaticPlay":false,"hyperlinks":[],"accessibility":[{"text":"pasted-image.tiff","targetRectangle":{"y":203.77304077148438,"x":797.78790283203125,"width":324.42425537109375,"height":106}},{"text":"开始你的计算机学习——By holk","targetRectangle":{"y":1035.3837888091803,"x":20.716238021850586,"width":303.05000017702577,"height":38.6180739402771}},{"text":"正确使用搜索引擎","targetRectangle":{"y":43.805075824260712,"x":78.315109252929688,"width":560,"height":98}},{"text":"￼","targetRectangle":{"y":1037.1928260326385,"x":1755.2383622894288,"width":24.947999999999865,"height":26.381927490234375}},{"text":"Use Baidu correctly","targetRectangle":{"y":143.30508363246918,"x":86.315109252929688,"width":197.49600000000004,"height":37.828785569377942}},{"text":"Screen Shot 2020-11-06 at 21.31.38.png","targetRectangle":{"y":432.81427001953131,"x":595.546875,"width":728.90625,"height":46.320109654334374}},{"text":"Screen Shot 2020-11-06 at 21.38.16.png","targetRectangle":{"y":480.92581176757812,"x":525.70941162109375,"width":868.58123779296875,"height":535.08160400390625}},{"text":"Java 地府后台系统 and 泛型","targetRectangle":{"y":353.01522934436798,"x":676.17919635772705,"width":567.6416015625,"height":63}},{"text":"androlablogo.png","targetRectangle":{"y":-13.44533634185791,"x":1635.907470703125,"width":263.60980224609375,"height":263.60980224609375}}],"baseLayer":{"animations":[],"initialState":{"affineTransform":[1,0,0,1,0,0],"masksToBounds":false,"rotation":0,"scale":1,"position":{"pointX":960,"pointY":540},"width":1920,"sublayerTransform":[1,0,0,0,0,1,0,0,0,0,1,0,0,0,0,1],"contentsRect":{"y":0,"x":0,"width":1,"height":1},"opacity":1,"edgeAntialiasingMask":251658240,"height":1080,"hidden":false,"anchorPoint":{"pointX":0.5,"pointY":0.5}},"objectID":"0","layers":[{"animations":[],"initialState":{"affineTransform":[1,0,0,1,0,0],"masksToBounds":false,"rotation":0,"scale":1,"position":{"pointX":960,"pointY":540},"width":1920,"sublayerTransform":[1,0,0,0,0,1,0,0,0,0,1,-0.00035007912466775983,0,0,0,1],"contentsRect":{"y":0,"x":0,"width":1,"height":1},"opacity":1,"edgeAntialiasingMask":251658240,"height":1080,"hidden":false,"anchorPoint":{"pointX":0.5,"pointY":0.5}},"layers":[{"animations":[],"initialState":{"affineTransform":[1,0,0,1,0,0],"masksToBounds":false,"rotation":0,"scale":1,"position":{"pointX":960,"pointY":540},"width":1920,"sublayerTransform":[1,0,0,0,0,1,0,0,0,0,1,0,0,0,0,1],"contentsRect":{"y":0,"x":0,"width":1,"height":1},"opacity":1,"edgeAntialiasingMask":251658240,"height":1080,"hidden":false,"anchorPoint":{"pointX":0.5,"pointY":0.5}},"layers":[{"animations":[],"layers":[],"texturedRectangle":{"isBackgroundTexture":true,"singleTextureOpacity":1,"textureType":1,"textBaseline":0,"textXHeight":0,"isVerticalText":false},"initialState":{"affineTransform":[1,0,0,1,0,0],"masksToBounds":false,"rotation":0,"scale":1,"position":{"pointX":960,"pointY":540},"width":1920,"sublayerTransform":[1,0,0,0,0,1,0,0,0,0,1,0,0,0,0,1],"contentsRect":{"y":0,"x":0,"width":1,"height":1},"opacity":1,"edgeAntialiasingMask":0,"height":1080,"hidden":false,"anchorPoint":{"pointX":0.5,"pointY":0.5}},"texture":"C25C25FF361FB24FC35F6B120D2F252D"}]}]},{"animations":[],"initialState":{"affineTransform":[1,0,0,1,0,0],"masksToBounds":false,"rotation":0,"scale":1,"position":{"pointX":1767.7123410701752,"pointY":1050.3838073015213},"width":81.405150890350342,"sublayerTransform":[1,0,0,0,0,1,0,0,0,0,1,0,0,0,0,1],"contentsRect":{"y":0,"x":0,"width":1,"height":1},"opacity":1,"edgeAntialiasingMask":251658240,"height":59.232336282730103,"hidden":false,"anchorPoint":{"pointX":0.5,"pointY":0.5}},"layers":[{"animations":[],"layers":[],"texturedRectangle":{"singleTextureOpacity":1,"textXHeight":0,"shapePath":{"lineWidth":1,"flatness":0.59999999999999998,"lineCapStyle":0,"elements":[{"type":"MoveToPoint","points":[[1.009765625,1.76763916015625]]},{"type":"AddLine","points":[[82.414916515350342,1.76763916015625]]},{"type":"AddLine","points":[[82.414916515350342,60.999975442886353]]},{"type":"AddLine","points":[[1.009765625,60.999975442886353]]},{"type":"CloseSubpath"},{"type":"MoveToPoint","points":[[1.009765625,1.76763916015625]]}],"windingRule":0,"lineJoinStyle":0,"miterLimit":10},"isBackgroundTexture":true,"textBaseline":0,"isVerticalText":false,"textureType":5},"initialState":{"affineTransform":[1,0,0,1,0,0],"masksToBounds":false,"rotation":0,"scale":1,"position":{"pointX":40.70257568359375,"pointY":29.616168975830078},"width":84,"sublayerTransform":[1,0,0,0,0,1,0,0,0,0,1,0,0,0,0,1],"contentsRect":{"y":0,"x":0,"width":1,"height":1},"opacity":1,"edgeAntialiasingMask":0,"height":62,"hidden":false,"anchorPoint":{"pointX":0.4965754917689732,"pointY":0.50619045380623107}},"texture":"A6E833AA860844AE12191F236E634EA4"}]},{"animations":[],"initialState":{"affineTransform":[1,0,0,1,0,0],"masksToBounds":false,"rotation":0,"scale":1,"position":{"pointX":945.36499368689692,"pointY":195.90701293945312},"width":1726.0997688679345,"sublayerTransform":[1,0,0,0,0,1,0,0,0,0,1,0,0,0,0,1],"contentsRect":{"y":0,"x":0,"width":1,"height":1},"opacity":1,"edgeAntialiasingMask":251658240,"height":2,"hidden":false,"anchorPoint":{"pointX":0.5,"pointY":0.5}},"layers":[{"animations":[],"layers":[],"texturedRectangle":{"singleTextureOpacity":1,"textXHeight":0,"shapePath":{"lineWidth":1,"flatness":0.59999999999999998,"lineCapStyle":0,"elements":[{"type":"MoveToPoint","points":[[1.3151092529296875,2.907012939453125]]},{"type":"AddLine","points":[[1727.4148781208642,2.907012939453125]]}],"windingRule":0,"lineJoinStyle":0,"miterLimit":10},"isBackgroundTexture":true,"textBaseline":0,"isVerticalText":false,"textureType":5},"initialState":{"affineTransform":[1,0,0,1,0,0],"masksToBounds":false,"rotation":0,"scale":1,"position":{"pointX":863.0499267578125,"pointY":1},"width":1729,"sublayerTransform":[1,0,0,0,0,1,0,0,0,0,1,0,0,0,0,1],"contentsRect":{"y":0,"x":0,"width":1,"height":1},"opacity":1,"edgeAntialiasingMask":0,"height":5,"hidden":false,"anchorPoint":{"pointX":0.49992194101257503,"pointY":0.58140258789062504}},"texture":"3085D37CB3A3D73BC6DA4C299E3A1C36"}]},{"animations":[],"initialState":{"affineTransform":[1,0,0,1,0,0],"masksToBounds":false,"rotation":0,"scale":1,"position":{"pointX":1767.7123718261719,"pointY":118.35956478118896},"width":263.60980224609375,"sublayerTransform":[1,0,0,0,0,1,0,0,0,0,1,0,0,0,0,1],"contentsRect":{"y":0,"x":0,"width":1,"height":1},"opacity":0.77594292163848877,"edgeAntialiasingMask":251658240,"height":263.60980224609375,"hidden":false,"anchorPoint":{"pointX":0.5,"pointY":0.5}},"layers":[{"animations":[],"layers":[],"texturedRectangle":{"isBackgroundTexture":true,"singleTextureOpacity":0.77594292163848877,"textureType":5,"textBaseline":0,"textXHeight":0,"isVerticalText":false},"initialState":{"affineTransform":[1,0,0,1,0,0],"masksToBounds":false,"rotation":0,"scale":1,"position":{"pointX":131.80490112304688,"pointY":131.80490112304688},"width":267,"sublayerTransform":[1,0,0,0,0,1,0,0,0,0,1,0,0,0,0,1],"contentsRect":{"y":0,"x":0,"width":1,"height":1},"opacity":1,"edgeAntialiasingMask":0,"height":267,"hidden":false,"anchorPoint":{"pointX":0.50079540009802204,"pointY":0.49947402539771146}},"texture":"649E80B6E5AF2375098394864E7312C9"}]},{"animations":[],"initialState":{"affineTransform":[1,0,0,1,0,0],"masksToBounds":false,"rotation":0,"scale":1,"position":{"pointX":487.32841554819606,"pointY":92.805076599121094},"width":826.02661259053275,"sublayerTransform":[1,0,0,0,0,1,0,0,0,0,1,0,0,0,0,1],"contentsRect":{"y":0,"x":0,"width":1,"height":1},"opacity":1,"edgeAntialiasingMask":251658240,"height":106.00000154972076,"hidden":false,"anchorPoint":{"pointX":0.5,"pointY":0.5}},"layers":[{"animations":[],"layers":[],"texturedRectangle":{"singleTextureOpacity":1,"textXHeight":0.60869565217391319,"textBaseline":0.86963808104611828,"isBackgroundTexture":true,"isVerticalText":false,"textColor":[0.46666666865348816,0.46666666865348816,0.46274510025978088,1],"textureType":6},"initialState":{"affineTransform":[1,0,0,1,0,0],"masksToBounds":false,"rotation":0,"scale":1,"position":{"pointX":413.0133056640625,"pointY":53},"width":557,"sublayerTransform":[1,0,0,0,0,1,0,0,0,0,1,0,0,0,0,1],"contentsRect":{"y":0,"x":0,"width":1,"height":1},"opacity":1,"edgeAntialiasingMask":0,"height":69,"hidden":false,"anchorPoint":{"pointX":0.73128979338777766,"pointY":0.50442138875740161}},"texture":"90F9BF7D872FC17FDD07DCF81E847D74"}]},{"animations":[],"initialState":{"affineTransform":[1,0,0,1,0,0],"masksToBounds":false,"rotation":0,"scale":1,"position":{"pointX":1767.7123613357544,"pointY":1050.3837890625},"width":58.540201187133789,"sublayerTransform":[1,0,0,0,0,1,0,0,0,0,1,0,0,0,0,1],"contentsRect":{"y":0,"x":0,"width":1,"height":1},"opacity":1,"edgeAntialiasingMask":251658240,"height":34.3819260597229,"hidden":false,"anchorPoint":{"pointX":0.5,"pointY":0.5}},"layers":[{"animations":[],"layers":[],"texturedRectangle":{"singleTextureOpacity":1,"textXHeight":0.55000000000000004,"textBaseline":0.87513660192489628,"isBackgroundTexture":true,"isVerticalText":false,"textColor":[0.99991005659103394,1,0.99987798929214478,1],"textureType":6},"initialState":{"affineTransform":[1,0,0,1,0,0],"masksToBounds":false,"rotation":0,"scale":1,"position":{"pointX":29.270101547241211,"pointY":17.190963745117188},"width":28,"sublayerTransform":[1,0,0,0,0,1,0,0,0,0,1,0,0,0,0,1],"contentsRect":{"y":0,"x":0,"width":1,"height":1},"opacity":1,"edgeAntialiasingMask":0,"height":20,"hidden":false,"anchorPoint":{"pointX":0.52544151033673969,"pointY":0.51918948888778682}},"texture":"D70AA0F786668D319763232FC241FE92"}]},{"animations":[],"initialState":{"affineTransform":[1,0,0,1,0,0],"masksToBounds":false,"rotation":0,"scale":1,"position":{"pointX":381.16624013171531,"pointY":157.87704467773438},"width":597.70226175757125,"sublayerTransform":[1,0,0,0,0,1,0,0,0,0,1,0,0,0,0,1],"contentsRect":{"y":0,"x":0,"width":1,"height":1},"opacity":1,"edgeAntialiasingMask":251658240,"height":37.143922090530396,"hidden":false,"anchorPoint":{"pointX":0.5,"pointY":0.5}},"layers":[{"animations":[],"layers":[],"texturedRectangle":{"singleTextureOpacity":1,"textXHeight":0.46153846153846156,"textBaseline":0.7240377343617953,"isBackgroundTexture":true,"isVerticalText":false,"textColor":[0.46666666865348816,0.46666666865348816,0.46274510025978088,1],"textureType":6},"initialState":{"affineTransform":[1,0,0,1,0,0],"masksToBounds":false,"rotation":0,"scale":1,"position":{"pointX":298.85113525390625,"pointY":18.57196044921875},"width":199,"sublayerTransform":[1,0,0,0,0,1,0,0,0,0,1,0,0,0,0,1],"contentsRect":{"y":0,"x":0,"width":1,"height":1},"opacity":1,"edgeAntialiasingMask":0,"height":26,"hidden":false,"anchorPoint":{"pointX":1.4782223342052057,"pointY":0.41834784929568952}},"texture":"CC652652C4CBB9763290793D4BD651D7"}]},{"animations":[],"initialState":{"affineTransform":[1,0,0,1,0,0],"masksToBounds":false,"rotation":0,"scale":1,"position":{"pointX":381.16623913752846,"pointY":1050.3837890625},"width":728.90000223135576,"sublayerTransform":[1,0,0,0,0,1,0,0,0,0,1,0,0,0,0,1],"contentsRect":{"y":0,"x":0,"width":1,"height":1},"opacity":1,"edgeAntialiasingMask":251658240,"height":38.000000506639481,"hidden":false,"anchorPoint":{"pointX":0.5,"pointY":0.5}},"layers":[{"animations":[],"layers":[],"texturedRectangle":{"singleTextureOpacity":1,"textXHeight":0.48888888888888887,"textBaseline":0.73717680187137036,"isBackgroundTexture":true,"isVerticalText":false,"textColor":[0.46666666865348816,0.46666666865348816,0.46274510025978088,1],"textureType":6},"initialState":{"affineTransform":[1,0,0,1,0,0],"masksToBounds":false,"rotation":0,"scale":1,"position":{"pointX":364.45001220703125,"pointY":19},"width":305,"sublayerTransform":[1,0,0,0,0,1,0,0,0,0,1,0,0,0,0,1],"contentsRect":{"y":0,"x":0,"width":1,"height":1},"opacity":1,"edgeAntialiasingMask":0,"height":27,"hidden":false,"anchorPoint":{"pointX":1.1841516400946945,"pointY":0.45865884478445407}},"texture":"0B0A7B6440E0082F4BE7054819E8DB2B"}]},{"animations":[],"initialState":{"affineTransform":[1,0,0,1,0,0],"masksToBounds":false,"rotation":0,"scale":1,"position":{"pointX":960.00003051757812,"pointY":256.77304077148438},"width":324.42425537109375,"sublayerTransform":[1,0,0,0,0,1,0,0,0,0,1,0,0,0,0,1],"contentsRect":{"y":0,"x":0,"width":1,"height":1},"opacity":0.80002689361572266,"edgeAntialiasingMask":251658240,"height":106,"hidden":false,"anchorPoint":{"pointX":0.5,"pointY":0.5}},"layers":[{"animations":[],"layers":[],"texturedRectangle":{"isBackgroundTexture":true,"singleTextureOpacity":0.80002689361572266,"textureType":5,"textBaseline":0,"textXHeight":0,"isVerticalText":false},"initialState":{"affineTransform":[1,0,0,1,0,0],"masksToBounds":false,"rotation":0,"scale":1,"position":{"pointX":162.21212768554688,"pointY":53},"width":328,"sublayerTransform":[1,0,0,0,0,1,0,0,0,0,1,0,0,0,0,1],"contentsRect":{"y":0,"x":0,"width":1,"height":1},"opacity":1,"edgeAntialiasingMask":0,"height":109,"hidden":false,"anchorPoint":{"pointX":0.5000000930413967,"pointY":0.50250496120627863}},"texture":"74A76CAB39CC5781F928F59BED38D5C9"}]},{"animations":[],"initialState":{"affineTransform":[1,0,0,1,0,0],"masksToBounds":false,"rotation":0,"scale":1,"position":{"pointX":960,"pointY":384.51522827148438},"width":909.8194580078125,"sublayerTransform":[1,0,0,0,0,1,0,0,0,0,1,0,0,0,0,1],"contentsRect":{"y":0,"x":0,"width":1,"height":1},"opacity":1,"edgeAntialiasingMask":251658240,"height":77,"hidden":false,"anchorPoint":{"pointX":0.5,"pointY":0.5}},"layers":[{"animations":[],"layers":[],"texturedRectangle":{"singleTextureOpacity":1,"textXHeight":0,"shapePath":{"lineWidth":1,"flatness":0.59999999999999998,"lineCapStyle":0,"elements":[{"type":"MoveToPoint","points":[[26.020245996093763,3.015228271484375]]},{"type":"AddLine","points":[[885.97975400390624,3.015228271484375]]},{"type":"AddCurve","points":[[892.70853805767388,3.015228271484375],[896.74580848993446,3.015228271484375],[899.43732211144152,4.1388990891896356]]},{"type":"AddCurve","points":[[903.31737160452008,5.5511216121499274],[906.3738356632407,8.6075856708706056],[907.78605818620099,12.487635163949278]]},{"type":"AddCurve","points":[[908.90972900390625,15.179148785456277],[908.90972900390625,19.216419217716805],[908.90972900390625,25.945203271484388]]},{"type":"AddLine","points":[[908.90972900390625,53.085253271484362]]},{"type":"AddCurve","points":[[908.90972900390625,59.814037325251945],[908.90972900390625,63.851307757512473],[907.78605818620099,66.542821379019472]]},{"type":"AddCurve","points":[[906.3738356632407,70.422870872098201],[903.31737160452008,73.479334930818823],[899.43732211144152,74.891557453779114]]},{"type":"AddCurve","points":[[896.74580848993446,76.015228271484375],[892.70853805767388,76.015228271484375],[885.97975400390624,76.015228271484375]]},{"type":"AddLine","points":[[26.020245996093763,76.015228271484375]]},{"type":"AddCurve","points":[[19.291461942326237,76.015228271484375],[15.254191510065652,76.015228271484375],[12.562677888558596,74.891557453779114]]},{"type":"AddCurve","points":[[8.6826283954799237,73.479334930818823],[5.6261643367593024,70.422870872098201],[4.2139418137990106,66.542821379019472]]},{"type":"AddCurve","points":[[3.09027099609375,63.851307757512473],[3.09027099609375,59.814037325251945],[3.09027099609375,53.085253271484362]]},{"type":"AddLine","points":[[3.09027099609375,25.945203271484388]]},{"type":"AddCurve","points":[[3.09027099609375,19.216419217716805],[3.09027099609375,15.179148785456277],[4.2139418137990106,12.487635163949278]]},{"type":"AddCurve","points":[[5.6261643367593024,8.6075856708706056],[8.6826283954799237,5.5511216121499274],[12.562677888558596,4.1388990891896356]]},{"type":"AddCurve","points":[[15.254191510065652,3.015228271484375],[19.291461942326237,3.015228271484375],[26.020245996093763,3.015228271484375]]},{"type":"CloseSubpath"},{"type":"MoveToPoint","points":[[26.020245996093763,3.015228271484375]]}],"windingRule":0,"lineJoinStyle":0,"miterLimit":10},"isBackgroundTexture":true,"textBaseline":0,"isVerticalText":false,"textureType":5},"initialState":{"affineTransform":[1,0,0,1,0,0],"masksToBounds":false,"rotation":0,"scale":1,"position":{"pointX":454.90972900390625,"pointY":38.5},"width":912,"sublayerTransform":[1,0,0,0,0,1,0,0,0,0,1,0,0,0,0,1],"contentsRect":{"y":0,"x":0,"width":1,"height":1},"opacity":1,"edgeAntialiasingMask":0,"height":80,"hidden":false,"anchorPoint":{"pointX":0.5,"pointY":0.49394035339355469}},"texture":"289440CE5BA26DFFA38EC6C7DB07B516"}]},{"animations":[],"initialState":{"affineTransform":[1,0,0,1,0,0],"masksToBounds":false,"rotation":0,"scale":1,"position":{"pointX":1372.1902738117583,"pointY":384.51522840191433},"width":31.691338573293478,"sublayerTransform":[1,0,0,0,0,1,0,0,0,0,1,0,0,0,0,1],"contentsRect":{"y":0,"x":0,"width":1,"height":1},"opacity":1,"edgeAntialiasingMask":251658240,"height":37.143921068552231,"hidden":false,"anchorPoint":{"pointX":0.5,"pointY":0.5}},"layers":[{"animations":[],"layers":[],"texturedRectangle":{"singleTextureOpacity":1,"textXHeight":0,"shapePath":{"lineWidth":1,"flatness":0.59999999999999998,"lineCapStyle":0,"elements":[{"type":"MoveToPoint","points":[[13.660971164380271,1.9510129680390378]]},{"type":"AddCurve","points":[[11.198863974083679,2.0365200038216926],[8.7377557286472438,2.8297891605708969],[6.6006499351030925,4.3857064070394927]]},{"type":"AddCurve","points":[[0.90131934520240975,8.5347256050937403],[-0.36040132580251338,16.547283649066003],[3.7887092437354113,22.246895576216502]]},{"type":"AddCurve","points":[[7.3520562589990277,27.141773174873379],[13.932361103355333,28.868771581835063],[19.435750961446274,26.353082891408576]]},{"type":"AddLine","points":[[19.824605480444689,26.176067042485101]]},{"type":"AddLine","points":[[20.048051733899001,26.53880443782009]]},{"type":"AddCurve","points":[[20.06727398350813,26.569727800772398],[20.081320140103799,26.592257193685782],[20.097384023622681,26.614253816049768]]},{"type":"AddLine","points":[[28.820493606527407,38.596195458755119]]},{"type":"AddCurve","points":[[29.007235366846317,38.85295685693427],[29.284363925231446,39.022233363461964],[29.601104543919746,39.072106921434624]]},{"type":"AddCurve","points":[[29.918131385107017,39.121971977749581],[30.235597478644195,39.047384100833824],[30.491987658341486,38.860268282558991]]},{"type":"AddLine","points":[[32.543630530967448,37.365790213778837]]},{"type":"AddCurve","points":[[33.076744023333504,36.977817064494957],[33.19577007461362,36.227593948251069],[32.807703375958909,35.694296296075208]]},{"type":"AddLine","points":[[24.084593793054182,23.712354653369857]]},{"type":"AddCurve","points":[[24.047727768409459,23.661560082479355],[24.005619054427143,23.615964275274337],[23.962714018442739,23.573063493561222]]},{"type":"AddLine","points":[[23.65221078312311,23.259658383991791]]},{"type":"AddLine","points":[[23.933695024487633,22.920136181958242]]},{"type":"AddCurve","points":[[27.699850340357216,18.411653258138358],[27.915588423542204,11.946177998456051],[24.458938815075044,7.1976465185584857]]},{"type":"AddCurve","points":[[21.865685042527048,3.6355073788257641],[17.764482203579519,1.8085013044639027],[13.660971164380271,1.9510129680390378]]},{"type":"CloseSubpath"},{"type":"MoveToPoint","points":[[13.698695856521908,4.6178583400538855]]},{"type":"AddCurve","points":[[14.358995575275003,4.5919544975038207],[15.027230175187469,4.6316483830841548],[15.69520264063317,4.7368362057237619]]},{"type":"AddCurve","points":[[18.366435040834176,5.1573095983460462],[20.712182866697731,6.5897347760222829],[22.299925664815191,8.7704758647309973]]},{"type":"AddCurve","points":[[25.581441110545484,13.279052306785616],[24.585179940438138,19.617841531147178],[20.077070727854107,22.899822887819482]]},{"type":"AddCurve","points":[[18.284392620473227,24.204981792036733],[16.201180256376574,24.832490564050204],[14.136882665244002,24.832487730164303]]},{"type":"AddCurve","points":[[11.010074022565277,24.832487730164303],[7.9246387004186545,23.3898740242023],[5.9477225711132178,20.674066230043991]]},{"type":"AddCurve","points":[[2.665743785001041,16.165768925750626],[3.6620940454033644,9.8296903132534226],[8.1705775080743024,6.5476211061181857]]},{"type":"AddCurve","points":[[9.8058559121102462,5.3570996170776084],[11.717795283319902,4.69556986770408],[13.698695856521908,4.6178583400538855]]},{"type":"CloseSubpath"},{"type":"MoveToPoint","points":[[13.698695856521908,4.6178583400538855]]}],"windingRule":0,"lineJoinStyle":0,"miterLimit":10},"isBackgroundTexture":true,"textBaseline":0,"isVerticalText":false,"textureType":5},"initialState":{"affineTransform":[1,0,0,1,0,0],"masksToBounds":false,"rotation":0,"scale":1,"position":{"pointX":15.845668759800446,"pointY":18.571960403846163},"width":35,"sublayerTransform":[1,0,0,0,0,1,0,0,0,0,1,0,0,0,0,1],"contentsRect":{"y":0,"x":0,"width":1,"height":1},"opacity":1,"edgeAntialiasingMask":0,"height":41,"hidden":false,"anchorPoint":{"pointX":0.49115066528320311,"pointY":0.50037142125571643}},"texture":"74F770FCCFC8E06335EC28AD4329FAE5"}]},{"animations":[],"initialState":{"affineTransform":[1,0,0,1,0,0],"masksToBounds":false,"rotation":0,"scale":1,"position":{"pointX":960,"pointY":384.51522827148438},"width":576.6416072845459,"sublayerTransform":[1,0,0,0,0,1,0,0,0,0,1,0,0,0,0,1],"contentsRect":{"y":0,"x":0,"width":1,"height":1},"opacity":1,"edgeAntialiasingMask":251658240,"height":70.999997854232788,"hidden":false,"anchorPoint":{"pointX":0.5,"pointY":0.5}},"layers":[{"animations":[],"layers":[],"texturedRectangle":{"singleTextureOpacity":1,"textXHeight":0.63601932010135132,"textBaseline":0.9112215767035613,"isBackgroundTexture":true,"isVerticalText":false,"textColor":[0.46666666865348816,0.46666666865348816,0.46274510025978088,1],"textureType":6},"initialState":{"affineTransform":[1,0,0,1,0,0],"masksToBounds":false,"rotation":0,"scale":1,"position":{"pointX":288.32080078125,"pointY":35.5},"width":91,"sublayerTransform":[1,0,0,0,0,1,0,0,0,0,1,0,0,0,0,1],"contentsRect":{"y":0,"x":0,"width":1,"height":1},"opacity":1,"edgeAntialiasingMask":0,"height":37,"hidden":false,"anchorPoint":{"pointX":-1.0109890424288237,"pointY":0.47338457687481028}},"texture":"03A4EA19AAA36F9E44FDB8971BE8E6F2"}]},{"animations":[],"initialState":{"affineTransform":[1,0,0,1,0,0],"masksToBounds":false,"rotation":0,"scale":1,"position":{"pointX":960,"pointY":384.51522827148438},"width":576.6416072845459,"sublayerTransform":[1,0,0,0,0,1,0,0,0,0,1,0,0,0,0,1],"contentsRect":{"y":0,"x":0,"width":1,"height":1},"opacity":1,"edgeAntialiasingMask":251658240,"height":70.999997854232788,"hidden":false,"anchorPoint":{"pointX":0.5,"pointY":0.5}},"layers":[{"animations":[],"layers":[],"texturedRectangle":{"singleTextureOpacity":1,"textXHeight":0.59999999999999998,"textBaseline":0.83811551862292821,"isBackgroundTexture":true,"isVerticalText":false,"textColor":[0.46666666865348816,0.46666666865348816,0.46274510025978088,1],"textureType":6},"initialState":{"affineTransform":[1,0,0,1,0,0],"masksToBounds":false,"rotation":0,"scale":1,"position":{"pointX":288.32080078125,"pointY":35.5},"width":89,"sublayerTransform":[1,0,0,0,0,1,0,0,0,0,1,0,0,0,0,1],"contentsRect":{"y":0,"x":0,"width":1,"height":1},"opacity":1,"edgeAntialiasingMask":0,"height":45,"hidden":false,"anchorPoint":{"pointX":-2.1797753130452016,"pointY":0.47811620765262181}},"texture":"E50E399A7ACD6AE06F38F87BC2D6736F"}]},{"animations":[],"initialState":{"affineTransform":[1,0,0,1,0,0],"masksToBounds":false,"rotation":0,"scale":1,"position":{"pointX":960,"pointY":384.51522827148438},"width":576.6416072845459,"sublayerTransform":[1,0,0,0,0,1,0,0,0,0,1,0,0,0,0,1],"contentsRect":{"y":0,"x":0,"width":1,"height":1},"opacity":1,"edgeAntialiasingMask":251658240,"height":70.999997854232788,"hidden":false,"anchorPoint":{"pointX":0.5,"pointY":0.5}},"layers":[{"animations":[],"layers":[],"texturedRectangle":{"singleTextureOpacity":1,"textXHeight":0.51158075747282605,"textBaseline":0.84163474647895153,"isBackgroundTexture":true,"isVerticalText":false,"textColor":[0.46666666865348816,0.46666666865348816,0.46274510025978088,1],"textureType":6},"initialState":{"affineTransform":[1,0,0,1,0,0],"masksToBounds":false,"rotation":0,"scale":1,"position":{"pointX":288.32080078125,"pointY":35.5},"width":379,"sublayerTransform":[1,0,0,0,0,1,0,0,0,0,1,0,0,0,0,1],"contentsRect":{"y":0,"x":0,"width":1,"height":1},"opacity":1,"edgeAntialiasingMask":0,"height":46,"hidden":false,"anchorPoint":{"pointX":0.75197888427170723,"pointY":0.48946150748626044}},"texture":"5D03374FE2F5CBD542AA6D84373D0EA5"}]},{"animations":[],"initialState":{"affineTransform":[1,0,0,1,0,0],"masksToBounds":false,"rotation":0,"scale":1,"position":{"pointX":960,"pointY":384.51522827148438},"width":541.57323837280273,"sublayerTransform":[1,0,0,0,0,1,0,0,0,0,1,0,0,0,0,1],"contentsRect":{"y":0,"x":0,"width":1,"height":1},"opacity":1,"edgeAntialiasingMask":251658240,"height":70.999997854232788,"hidden":false,"anchorPoint":{"pointX":0.5,"pointY":0.5}},"layers":[{"animations":[],"layers":[],"texturedRectangle":{"singleTextureOpacity":1,"textXHeight":0.81147292564655171,"textBaseline":0.88673097717350924,"isBackgroundTexture":true,"isVerticalText":false,"textColor":[0.46666666865348816,0.46666666865348816,0.46274510025978088,1],"textureType":6},"initialState":{"affineTransform":[1,0,0,1,0,0],"masksToBounds":false,"rotation":0,"scale":1,"position":{"pointX":270.78662109375,"pointY":35.5},"width":56,"sublayerTransform":[1,0,0,0,0,1,0,0,0,0,1,0,0,0,0,1],"contentsRect":{"y":0,"x":0,"width":1,"height":1},"opacity":1,"edgeAntialiasingMask":0,"height":29,"hidden":true,"anchorPoint":{"pointX":-1.9642856802259172,"pointY":0.32811135670234415}},"texture":"0BABC01880D058FD8BE360CD0F37231E"}]},{"animations":[],"initialState":{"affineTransform":[1,0,0,1,0,0],"masksToBounds":false,"rotation":0,"scale":1,"position":{"pointX":960,"pointY":455.97432484669849},"width":728.90625,"sublayerTransform":[1,0,0,0,0,1,0,0,0,0,1,0,0,0,0,1],"contentsRect":{"y":0,"x":0,"width":1,"height":1},"opacity":1,"edgeAntialiasingMask":251658240,"height":46.320109654334374,"hidden":false,"anchorPoint":{"pointX":0.5,"pointY":0.5}},"layers":[{"animations":[],"layers":[],"texturedRectangle":{"isBackgroundTexture":true,"singleTextureOpacity":1,"textureType":5,"textBaseline":0,"textXHeight":0,"isVerticalText":false},"initialState":{"affineTransform":[1,0,0,1,0,0],"masksToBounds":false,"rotation":0,"scale":1,"position":{"pointX":364.45001220703125,"pointY":23.160054827167187},"width":732,"sublayerTransform":[1,0,0,0,0,1,0,0,0,0,1,0,0,0,0,1],"contentsRect":{"y":0,"x":0,"width":1,"height":1},"opacity":1,"edgeAntialiasingMask":0,"height":50,"hidden":false,"anchorPoint":{"pointX":0.49999574755058912,"pointY":0.49948649693396985}},"texture":"9459A9E4CE6E2E395113690F5B27E2D7"}]},{"animations":[],"initialState":{"affineTransform":[1,0,0,1,0,0],"masksToBounds":false,"rotation":0,"scale":1,"position":{"pointX":960.00003051757812,"pointY":748.46661376953125},"width":868.58123779296875,"sublayerTransform":[1,0,0,0,0,1,0,0,0,0,1,0,0,0,0,1],"contentsRect":{"y":0,"x":0,"width":1,"height":1},"opacity":1,"edgeAntialiasingMask":251658240,"height":535.08160400390625,"hidden":false,"anchorPoint":{"pointX":0.5,"pointY":0.5}},"layers":[{"animations":[],"layers":[],"texturedRectangle":{"isBackgroundTexture":true,"singleTextureOpacity":1,"textureType":5,"textBaseline":0,"textXHeight":0,"isVerticalText":false},"initialState":{"affineTransform":[1,0,0,1,0,0],"masksToBounds":false,"rotation":0,"scale":1,"position":{"pointX":434.29061889648438,"pointY":267.54080200195312},"width":872,"sublayerTransform":[1,0,0,0,0,1,0,0,0,0,1,0,0,0,0,1],"contentsRect":{"y":0,"x":0,"width":1,"height":1},"opacity":1,"edgeAntialiasingMask":0,"height":539,"hidden":false,"anchorPoint":{"pointX":0.50000003499722268,"pointY":0.49993805894161641}},"texture":"AB6E21EA9D3265B663953A84BFB960B3"}]},{"animations":[],"initialState":{"affineTransform":[1,0,0,1,0,0],"masksToBounds":false,"rotation":0,"scale":1,"position":{"pointX":960,"pointY":753.25527954101562},"width":855.296630859375,"sublayerTransform":[1,0,0,0,0,1,0,0,0,0,1,0,0,0,0,1],"contentsRect":{"y":0,"x":0,"width":1,"height":1},"opacity":1,"edgeAntialiasingMask":251658240,"height":537.699462890625,"hidden":false,"anchorPoint":{"pointX":0.5,"pointY":0.5}},"layers":[{"animations":[],"layers":[],"texturedRectangle":{"isBackgroundTexture":true,"singleTextureOpacity":1,"textureType":5,"textBaseline":0,"textXHeight":0,"isVerticalText":false},"initialState":{"affineTransform":[1,0,0,1,0,0],"masksToBounds":false,"rotation":0,"scale":1,"position":{"pointX":427.6483154296875,"pointY":268.8497314453125},"width":858,"sublayerTransform":[1,0,0,0,0,1,0,0,0,0,1,0,0,0,0,1],"contentsRect":{"y":0,"x":0,"width":1,"height":1},"opacity":1,"edgeAntialiasingMask":0,"height":541,"hidden":true,"anchorPoint":{"pointX":0.5,"pointY":0.49954765164697895}},"texture":"B8810C1A9B587F01E013AE578A2FB696"}]}]}}]}